{"type": "FeatureCollection", "features": [{"type": "Feature", "properties": {"id": "grass-lake", "name": "Grass Lake via Glen Alpine", "miles": 3.6, "color": "#e6194b", "difficulty": "Moderate", "desc": "Follows Fallen Leaf Road past Lily Lake, then the Glen Alpine Trail to the Grass Lake turnoff. Great waterfall views at Glen Alpine Falls."}, "geometry": {"type": "LineString", "coordinates": [[-120.072271, 38.883266], [-120.072273, 38.883173], [-120.072323, 38.882807], [-120.072339, 38.882613], [-120.072351, 38.882475], [-120.072299, 38.882322], [-120.072235, 38.88223], [-120.07213, 38.882154], [-120.071723, 38.882003], [-120.071494, 38.881854], [-120.071195, 38.881605], [-120.071021, 38.881403], [-120.071009, 38.881321], [-120.070997, 38.881137], [-120.07099, 38.88102], [-120.070977, 38.880967], [-120.070953, 38.880926], [-120.070908, 38.880866], [-120.070762, 38.880689], [-120.070693, 38.880602], [-120.070666, 38.88055], [-120.070645, 38.880489], [-120.070646, 38.880434], [-120.070664, 38.880378], [-120.070695, 38.880329], [-120.07078, 38.880253], [-120.070885, 38.88016], [-120.070931, 38.880107], [-120.070969, 38.880048], [-120.070997, 38.879967], [-120.07101, 38.879897], [-120.07101, 38.879827], [-120.070955, 38.879683], [-120.070927, 38.879649], [-120.07091, 38.879628], [-120.071004, 38.879624], [-120.071286, 38.879628], [-120.071632, 38.879632], [-120.071812, 38.879643], [-120.071991, 38.879658], [-120.072107, 38.879658], [-120.072209, 38.879659], [-120.072303, 38.879667], [-120.072374, 38.879663], [-120.072434, 38.87965], [-120.072501, 38.879625], [-120.072593, 38.879573], [-120.072644, 38.879542], [-120.072669, 38.879511], [-120.072677, 38.879456], [-120.072699, 38.879308], [-120.07271, 38.879257], [-120.072741, 38.879228], [-120.072772, 38.879217], [-120.072835, 38.879211], [-120.072883, 38.879239], [-120.072949, 38.879282], [-120.073013, 38.879341], [-120.073072, 38.879398], [-120.073119, 38.879441], [-120.073158, 38.879456], [-120.0732, 38.879457], [-120.073241, 38.87944], [-120.073276, 38.8794], [-120.07344, 38.879156], [-120.073477, 38.879095], [-120.073504, 38.879027], [-120.073514, 38.878954], [-120.073505, 38.878894], [-120.073508, 38.878835], [-120.073528, 38.878786], [-120.073555, 38.878748], [-120.073595, 38.878708], [-120.073665, 38.878682], [-120.073762, 38.878667], [-120.073823, 38.878667], [-120.07392, 38.878684], [-120.074042, 38.878728], [-120.074125, 38.878766], [-120.074179, 38.878804], [-120.074228, 38.878846], [-120.074286, 38.878864], [-120.074361, 38.878875], [-120.074432, 38.878866], [-120.074529, 38.87883], [-120.074631, 38.878795], [-120.074793, 38.878742], [-120.0749, 38.878712], [-120.074975, 38.878676], [-120.07505, 38.878615], [-120.075164, 38.878518], [-120.075355, 38.878378], [-120.075489, 38.878288], [-120.075749, 38.87813], [-120.075915, 38.878026], [-120.076017, 38.877974], [-120.076099, 38.877939], [-120.076206, 38.877902], [-120.076292, 38.877883], [-120.076418, 38.877866], [-120.076527, 38.877851], [-120.076598, 38.877831], [-120.076746, 38.877769], [-120.076819, 38.877739], [-120.076912, 38.877713], [-120.077027, 38.877689], [-120.077167, 38.877657], [-120.07732, 38.877615], [-120.077553, 38.877543], [-120.077702, 38.8775], [-120.077796, 38.877457], [-120.077841, 38.877422], [-120.077871, 38.877376], [-120.077892, 38.877308], [-120.077924, 38.877255], [-120.077985, 38.877204], [-120.078056, 38.87716], [-120.078146, 38.877115], [-120.078202, 38.877076], [-120.078258, 38.877045], [-120.078333, 38.877022], [-120.078509, 38.87697], [-120.078575, 38.876924], [-120.078641, 38.876871], [-120.078759, 38.876787], [-120.078864, 38.8767], [-120.078942, 38.876622], [-120.079019, 38.876565], [-120.079087, 38.876526], [-120.079158, 38.876501], [-120.079257, 38.876505], [-120.079363, 38.876535], [-120.079429, 38.876585], [-120.079587, 38.8767], [-120.07974, 38.876812], [-120.079782, 38.876846], [-120.079846, 38.876891], [-120.079936, 38.876937], [-120.080067, 38.876982], [-120.080299, 38.877068], [-120.080455, 38.877116], [-120.080541, 38.877158], [-120.080763, 38.877225], [-120.080859, 38.877251], [-120.081049, 38.877282], [-120.081288, 38.877305], [-120.081583, 38.877316], [-120.081797, 38.877316], [-120.081988, 38.877301], [-120.082117, 38.877267], [-120.082216, 38.877217], [-120.08238, 38.877084], [-120.082479, 38.877015], [-120.082624, 38.876948], [-120.082793, 38.876887], [-120.082951, 38.876852], [-120.083139, 38.876837], [-120.083468, 38.876827], [-120.083729, 38.876841], [-120.083957, 38.876864], [-120.084104, 38.876898], [-120.084407, 38.876979], [-120.084654, 38.877027], [-120.084761, 38.877061], [-120.084836, 38.877077], [-120.084954, 38.877069], [-120.085156, 38.877046], [-120.085502, 38.876981], [-120.08566, 38.876965], [-120.085805, 38.876958], [-120.085877, 38.876946], [-120.085936, 38.876923], [-120.086065, 38.876885], [-120.086301, 38.876835], [-120.086634, 38.876756], [-120.086733, 38.876745], [-120.086854, 38.876748], [-120.087084, 38.876783], [-120.087186, 38.876791], [-120.087272, 38.876785], [-120.087371, 38.87676], [-120.087602, 38.876683], [-120.087712, 38.876649], [-120.08783, 38.876631], [-120.087967, 38.876618], [-120.088039, 38.876605], [-120.088103, 38.876622], [-120.088211, 38.876681], [-120.088484, 38.876858], [-120.088549, 38.876896], [-120.088589, 38.876935], [-120.0886, 38.877002], [-120.088624, 38.877132], [-120.088629, 38.877257], [-120.088656, 38.877382], [-120.088688, 38.877428], [-120.088747, 38.87747], [-120.088806, 38.877543], [-120.088806, 38.87761], [-120.088785, 38.877693], [-120.08875, 38.877828], [-120.088761, 38.877915], [-120.088801, 38.878002], [-120.088884, 38.878069], [-120.089016, 38.878123], [-120.089128, 38.878157], [-120.089321, 38.878172], [-120.089541, 38.878184], [-120.08978, 38.878178], [-120.089957, 38.878151], [-120.090187, 38.878105], [-120.090437, 38.878057], [-120.090582, 38.878053], [-120.090697, 38.878055], [-120.09081, 38.878046], [-120.091156, 38.878002], [-120.091389, 38.877967], [-120.091558, 38.87794], [-120.091759, 38.877881], [-120.092116, 38.877789], [-120.092368, 38.877741], [-120.092569, 38.877714], [-120.09273, 38.877708], [-120.092953, 38.877727], [-120.093178, 38.877744], [-120.093363, 38.877731], [-120.093492, 38.877729], [-120.093696, 38.877741], [-120.09402, 38.877798], [-120.094162, 38.877825], [-120.094353, 38.877835], [-120.094519, 38.877829], [-120.094621, 38.877808], [-120.094723, 38.877771], [-120.094854, 38.877685], [-120.095066, 38.877543], [-120.095171, 38.877449], [-120.095273, 38.877318], [-120.095348, 38.877155], [-120.095412, 38.876992], [-120.095463, 38.876906], [-120.095565, 38.876793], [-120.095597, 38.876727], [-120.095606, 38.876677], [-120.095592, 38.876605], [-120.095555, 38.876524], [-120.095549, 38.876461], [-120.095563, 38.876422], [-120.0956, 38.876368], [-120.09564, 38.876265], [-120.095694, 38.876196], [-120.095782, 38.87614], [-120.095879, 38.876044], [-120.095944, 38.876006], [-120.096043, 38.875972], [-120.096198, 38.875963], [-120.096729, 38.875975], [-120.096898, 38.875926], [-120.097104, 38.875815], [-120.097233, 38.87569], [-120.097224, 38.875553], [-120.09718, 38.875422], [-120.097177, 38.875352], [-120.097318, 38.875185], [-120.09735, 38.875121], [-120.097411, 38.874891], [-120.097482, 38.874759], [-120.097659, 38.874606], [-120.097685, 38.874564], [-120.097661, 38.874494], [-120.097525, 38.874298], [-120.097271, 38.87397], [-120.097172, 38.873875], [-120.097071, 38.873671], [-120.097068, 38.873567], [-120.097345, 38.873455], [-120.097506, 38.873331], [-120.097622, 38.873285], [-120.097899, 38.873129], [-120.098123, 38.873058], [-120.098715, 38.873083], [-120.098879, 38.873127], [-120.099035, 38.87319], [-120.099153, 38.873352], [-120.099226, 38.87338], [-120.09953, 38.873414], [-120.100044, 38.873564], [-120.100084, 38.873589], [-120.100099, 38.873563], [-120.100017, 38.873511], [-120.099918, 38.87338], [-120.099908, 38.873324], [-120.100017, 38.873143], [-120.100129, 38.873151], [-120.100328, 38.87321], [-120.100407, 38.87321], [-120.100654, 38.873113], [-120.100844, 38.873108], [-120.100989, 38.873108], [-120.101133, 38.873159], [-120.101591, 38.87331], [-120.101799, 38.873319], [-120.101936, 38.873373], [-120.102147, 38.873537], [-120.102237, 38.87363], [-120.102341, 38.873707], [-120.10237, 38.87387], [-120.102346, 38.874125], [-120.102734, 38.87421], [-120.102809, 38.874215], [-120.102923, 38.874204], [-120.102982, 38.874185], [-120.103029, 38.874147], [-120.103345, 38.873816], [-120.103499, 38.873716], [-120.103501, 38.873615], [-120.103426, 38.873412], [-120.103474, 38.873367], [-120.103537, 38.873347], [-120.103866, 38.873195], [-120.103876, 38.873151], [-120.103866, 38.873086], [-120.103956, 38.873006], [-120.103997, 38.872826], [-120.103981, 38.872745], [-120.103922, 38.872648], [-120.103977, 38.872578], [-120.10427, 38.872518], [-120.1046, 38.872506], [-120.105019, 38.872463], [-120.105238, 38.87243], [-120.10535, 38.872347], [-120.105407, 38.87224], [-120.105421, 38.872179], [-120.105404, 38.87211], [-120.105386, 38.872065], [-120.105371, 38.872005], [-120.105413, 38.871971], [-120.105465, 38.871959], [-120.105623, 38.871942], [-120.105805, 38.871838], [-120.105944, 38.871807], [-120.106075, 38.871815], [-120.106054, 38.871776], [-120.105994, 38.871738], [-120.105952, 38.871685], [-120.105923, 38.871623], [-120.105912, 38.87156], [-120.105797, 38.871483], [-120.105728, 38.871382], [-120.10563, 38.871324], [-120.105521, 38.871302], [-120.105444, 38.871279], [-120.10531, 38.871189], [-120.105168, 38.87105], [-120.105091, 38.871014], [-120.105039, 38.871], [-120.105002, 38.870984], [-120.105043, 38.870934], [-120.105052, 38.870894], [-120.105129, 38.870824], [-120.105223, 38.870796], [-120.105361, 38.870755], [-120.105501, 38.870743], [-120.105604, 38.870722], [-120.105764, 38.870703], [-120.105878, 38.870666], [-120.105983, 38.870592], [-120.106086, 38.870447], [-120.106268, 38.870377], [-120.106377, 38.870325], [-120.106463, 38.870238], [-120.106495, 38.870169], [-120.106486, 38.870083], [-120.106484, 38.870023], [-120.106489, 38.869975], [-120.106516, 38.869979], [-120.106605, 38.870005], [-120.106736, 38.870026], [-120.106913, 38.870013], [-120.107036, 38.87], [-120.107211, 38.869955], [-120.107365, 38.869875], [-120.107476, 38.869858], [-120.107568, 38.869882], [-120.107615, 38.869918], [-120.107632, 38.869961], [-120.107689, 38.870013], [-120.107765, 38.870081], [-120.10775, 38.870288], [-120.107678, 38.870366], [-120.107606, 38.870471], [-120.107561, 38.870518], [-120.107582, 38.870533], [-120.107723, 38.870496], [-120.107807, 38.870516], [-120.108029, 38.870569], [-120.108401, 38.870695], [-120.108552, 38.870717], [-120.108651, 38.870798], [-120.109122, 38.870874], [-120.109262, 38.870849], [-120.109389, 38.870791], [-120.109873, 38.870445], [-120.110087, 38.870314], [-120.110247, 38.870271], [-120.110396, 38.870268], [-120.110571, 38.870294], [-120.110812, 38.87039], [-120.110909, 38.870457], [-120.111062, 38.870556], [-120.111117, 38.870613], [-120.111163, 38.870692], [-120.111172, 38.870877], [-120.111216, 38.870975], [-120.11125, 38.871041], [-120.111467, 38.871253], [-120.111807, 38.871358], [-120.112138, 38.871437], [-120.112506, 38.871494], [-120.112634, 38.87156], [-120.112691, 38.871675], [-120.112797, 38.871771], [-120.112878, 38.871831], [-120.112985, 38.871865], [-120.113099, 38.871916], [-120.113145, 38.871983]]}}, {"type": "Feature", "properties": {"id": "susie-lake", "name": "Susie Lake via Glen Alpine & PCT", "miles": 5.2, "color": "#f58231", "difficulty": "Strenuous", "desc": "Glen Alpine Trail to the Pacific Crest Trail junction, then on to rocky-shored Susie Lake in Desolation Wilderness."}, "geometry": {"type": "LineString", "coordinates": [[-120.072271, 38.883266], [-120.072273, 38.883173], [-120.072323, 38.882807], [-120.072339, 38.882613], [-120.072351, 38.882475], [-120.072299, 38.882322], [-120.072235, 38.88223], [-120.07213, 38.882154], [-120.071723, 38.882003], [-120.071494, 38.881854], [-120.071195, 38.881605], [-120.071021, 38.881403], [-120.071009, 38.881321], [-120.070997, 38.881137], [-120.07099, 38.88102], [-120.070977, 38.880967], [-120.070953, 38.880926], [-120.070908, 38.880866], [-120.070762, 38.880689], [-120.070693, 38.880602], [-120.070666, 38.88055], [-120.070645, 38.880489], [-120.070646, 38.880434], [-120.070664, 38.880378], [-120.070695, 38.880329], [-120.07078, 38.880253], [-120.070885, 38.88016], [-120.070931, 38.880107], [-120.070969, 38.880048], [-120.070997, 38.879967], [-120.07101, 38.879897], [-120.07101, 38.879827], [-120.070955, 38.879683], [-120.070927, 38.879649], [-120.07091, 38.879628], [-120.071004, 38.879624], [-120.071286, 38.879628], [-120.071632, 38.879632], [-120.071812, 38.879643], [-120.071991, 38.879658], [-120.072107, 38.879658], [-120.072209, 38.879659], [-120.072303, 38.879667], [-120.072374, 38.879663], [-120.072434, 38.87965], [-120.072501, 38.879625], [-120.072593, 38.879573], [-120.072644, 38.879542], [-120.072669, 38.879511], [-120.072677, 38.879456], [-120.072699, 38.879308], [-120.07271, 38.879257], [-120.072741, 38.879228], [-120.072772, 38.879217], [-120.072835, 38.879211], [-120.072883, 38.879239], [-120.072949, 38.879282], [-120.073013, 38.879341], [-120.073072, 38.879398], [-120.073119, 38.879441], [-120.073158, 38.879456], [-120.0732, 38.879457], [-120.073241, 38.87944], [-120.073276, 38.8794], [-120.07344, 38.879156], [-120.073477, 38.879095], [-120.073504, 38.879027], [-120.073514, 38.878954], [-120.073505, 38.878894], [-120.073508, 38.878835], [-120.073528, 38.878786], [-120.073555, 38.878748], [-120.073595, 38.878708], [-120.073665, 38.878682], [-120.073762, 38.878667], [-120.073823, 38.878667], [-120.07392, 38.878684], [-120.074042, 38.878728], [-120.074125, 38.878766], [-120.074179, 38.878804], [-120.074228, 38.878846], [-120.074286, 38.878864], [-120.074361, 38.878875], [-120.074432, 38.878866], [-120.074529, 38.87883], [-120.074631, 38.878795], [-120.074793, 38.878742], [-120.0749, 38.878712], [-120.074975, 38.878676], [-120.07505, 38.878615], [-120.075164, 38.878518], [-120.075355, 38.878378], [-120.075489, 38.878288], [-120.075749, 38.87813], [-120.075915, 38.878026], [-120.076017, 38.877974], [-120.076099, 38.877939], [-120.076206, 38.877902], [-120.076292, 38.877883], [-120.076418, 38.877866], [-120.076527, 38.877851], [-120.076598, 38.877831], [-120.076746, 38.877769], [-120.076819, 38.877739], [-120.076912, 38.877713], [-120.077027, 38.877689], [-120.077167, 38.877657], [-120.07732, 38.877615], [-120.077553, 38.877543], [-120.077702, 38.8775], [-120.077796, 38.877457], [-120.077841, 38.877422], [-120.077871, 38.877376], [-120.077892, 38.877308], [-120.077924, 38.877255], [-120.077985, 38.877204], [-120.078056, 38.87716], [-120.078146, 38.877115], [-120.078202, 38.877076], [-120.078258, 38.877045], [-120.078333, 38.877022], [-120.078509, 38.87697], [-120.078575, 38.876924], [-120.078641, 38.876871], [-120.078759, 38.876787], [-120.078864, 38.8767], [-120.078942, 38.876622], [-120.079019, 38.876565], [-120.079087, 38.876526], [-120.079158, 38.876501], [-120.079257, 38.876505], [-120.079363, 38.876535], [-120.079429, 38.876585], [-120.079587, 38.8767], [-120.07974, 38.876812], [-120.079782, 38.876846], [-120.079846, 38.876891], [-120.079936, 38.876937], [-120.080067, 38.876982], [-120.080299, 38.877068], [-120.080455, 38.877116], [-120.080541, 38.877158], [-120.080763, 38.877225], [-120.080859, 38.877251], [-120.081049, 38.877282], [-120.081288, 38.877305], [-120.081583, 38.877316], [-120.081797, 38.877316], [-120.081988, 38.877301], [-120.082117, 38.877267], [-120.082216, 38.877217], [-120.08238, 38.877084], [-120.082479, 38.877015], [-120.082624, 38.876948], [-120.082793, 38.876887], [-120.082951, 38.876852], [-120.083139, 38.876837], [-120.083468, 38.876827], [-120.083729, 38.876841], [-120.083957, 38.876864], [-120.084104, 38.876898], [-120.084407, 38.876979], [-120.084654, 38.877027], [-120.084761, 38.877061], [-120.084836, 38.877077], [-120.084954, 38.877069], [-120.085156, 38.877046], [-120.085502, 38.876981], [-120.08566, 38.876965], [-120.085805, 38.876958], [-120.085877, 38.876946], [-120.085936, 38.876923], [-120.086065, 38.876885], [-120.086301, 38.876835], [-120.086634, 38.876756], [-120.086733, 38.876745], [-120.086854, 38.876748], [-120.087084, 38.876783], [-120.087186, 38.876791], [-120.087272, 38.876785], [-120.087371, 38.87676], [-120.087602, 38.876683], [-120.087712, 38.876649], [-120.08783, 38.876631], [-120.087967, 38.876618], [-120.088039, 38.876605], [-120.088103, 38.876622], [-120.088211, 38.876681], [-120.088484, 38.876858], [-120.088549, 38.876896], [-120.088589, 38.876935], [-120.0886, 38.877002], [-120.088624, 38.877132], [-120.088629, 38.877257], [-120.088656, 38.877382], [-120.088688, 38.877428], [-120.088747, 38.87747], [-120.088806, 38.877543], [-120.088806, 38.87761], [-120.088785, 38.877693], [-120.08875, 38.877828], [-120.088761, 38.877915], [-120.088801, 38.878002], [-120.088884, 38.878069], [-120.089016, 38.878123], [-120.089128, 38.878157], [-120.089321, 38.878172], [-120.089541, 38.878184], [-120.08978, 38.878178], [-120.089957, 38.878151], [-120.090187, 38.878105], [-120.090437, 38.878057], [-120.090582, 38.878053], [-120.090697, 38.878055], [-120.09081, 38.878046], [-120.091156, 38.878002], [-120.091389, 38.877967], [-120.091558, 38.87794], [-120.091759, 38.877881], [-120.092116, 38.877789], [-120.092368, 38.877741], [-120.092569, 38.877714], [-120.09273, 38.877708], [-120.092953, 38.877727], [-120.093178, 38.877744], [-120.093363, 38.877731], [-120.093492, 38.877729], [-120.093696, 38.877741], [-120.09402, 38.877798], [-120.094162, 38.877825], [-120.094353, 38.877835], [-120.094519, 38.877829], [-120.094621, 38.877808], [-120.094723, 38.877771], [-120.094854, 38.877685], [-120.095066, 38.877543], [-120.095171, 38.877449], [-120.095273, 38.877318], [-120.095348, 38.877155], [-120.095412, 38.876992], [-120.095463, 38.876906], [-120.095565, 38.876793], [-120.095597, 38.876727], [-120.095606, 38.876677], [-120.095592, 38.876605], [-120.095555, 38.876524], [-120.095549, 38.876461], [-120.095563, 38.876422], [-120.0956, 38.876368], [-120.09564, 38.876265], [-120.095694, 38.876196], [-120.095782, 38.87614], [-120.095879, 38.876044], [-120.095944, 38.876006], [-120.096043, 38.875972], [-120.096198, 38.875963], [-120.096729, 38.875975], [-120.096898, 38.875926], [-120.097104, 38.875815], [-120.097233, 38.87569], [-120.097224, 38.875553], [-120.09718, 38.875422], [-120.097177, 38.875352], [-120.097318, 38.875185], [-120.09735, 38.875121], [-120.097411, 38.874891], [-120.097482, 38.874759], [-120.097659, 38.874606], [-120.097685, 38.874564], [-120.097661, 38.874494], [-120.097525, 38.874298], [-120.097271, 38.87397], [-120.097172, 38.873875], [-120.097071, 38.873671], [-120.097068, 38.873567], [-120.097345, 38.873455], [-120.097506, 38.873331], [-120.097622, 38.873285], [-120.097899, 38.873129], [-120.098123, 38.873058], [-120.098715, 38.873083], [-120.098879, 38.873127], [-120.099035, 38.87319], [-120.099153, 38.873352], [-120.099226, 38.87338], [-120.09953, 38.873414], [-120.100044, 38.873564], [-120.100084, 38.873589], [-120.100099, 38.873563], [-120.100017, 38.873511], [-120.099918, 38.87338], [-120.099908, 38.873324], [-120.100017, 38.873143], [-120.100129, 38.873151], [-120.100328, 38.87321], [-120.100407, 38.87321], [-120.100654, 38.873113], [-120.100844, 38.873108], [-120.100989, 38.873108], [-120.101133, 38.873159], [-120.101591, 38.87331], [-120.101799, 38.873319], [-120.101936, 38.873373], [-120.102147, 38.873537], [-120.102237, 38.87363], [-120.102341, 38.873707], [-120.10237, 38.87387], [-120.102346, 38.874125], [-120.102292, 38.874216], [-120.102281, 38.874336], [-120.102236, 38.874383], [-120.102057, 38.874434], [-120.101941, 38.874484], [-120.101997, 38.874524], [-120.102388, 38.874614], [-120.102472, 38.874653], [-120.102586, 38.874793], [-120.102611, 38.874881], [-120.102609, 38.875048], [-120.102652, 38.875113], [-120.102937, 38.87532], [-120.103079, 38.875403], [-120.103456, 38.875511], [-120.103675, 38.875614], [-120.103869, 38.875682], [-120.103991, 38.875763], [-120.104079, 38.875856], [-120.104164, 38.875912], [-120.104248, 38.875931], [-120.104336, 38.87599], [-120.1044, 38.87604], [-120.104524, 38.876056], [-120.104616, 38.876159], [-120.104683, 38.876298], [-120.104708, 38.876439], [-120.104605, 38.876453], [-120.104529, 38.876441], [-120.104392, 38.876377], [-120.104156, 38.876303], [-120.104118, 38.876319], [-120.104138, 38.876386], [-120.104228, 38.876476], [-120.104436, 38.876565], [-120.104606, 38.876668], [-120.104785, 38.876838], [-120.104888, 38.876962], [-120.104915, 38.877048], [-120.104919, 38.877089], [-120.1049, 38.877118], [-120.104763, 38.876941], [-120.104628, 38.876868], [-120.104473, 38.876793], [-120.104333, 38.876796], [-120.104185, 38.876804], [-120.104157, 38.876818], [-120.104152, 38.876834], [-120.104187, 38.876869], [-120.104608, 38.877158], [-120.104604, 38.877213], [-120.104516, 38.87737], [-120.104508, 38.877472], [-120.104546, 38.877531], [-120.104559, 38.877606], [-120.104514, 38.877684], [-120.104371, 38.877746], [-120.10409, 38.877802], [-120.103857, 38.877886], [-120.103797, 38.877875], [-120.103735, 38.877917], [-120.103762, 38.87799], [-120.103857, 38.878077], [-120.104098, 38.878226], [-120.104298, 38.878549], [-120.104467, 38.878703], [-120.104621, 38.878787], [-120.104653, 38.878823], [-120.10465, 38.878896], [-120.104602, 38.878971], [-120.104619, 38.879029], [-120.104773, 38.879055], [-120.104866, 38.879103], [-120.105047, 38.879439], [-120.105031, 38.879468], [-120.10471, 38.87921], [-120.104596, 38.879174], [-120.104454, 38.879147], [-120.104089, 38.879092], [-120.103864, 38.879082], [-120.103671, 38.879054], [-120.103387, 38.878966], [-120.103205, 38.878931], [-120.103767, 38.879367], [-120.103915, 38.879389], [-120.104018, 38.879427], [-120.104246, 38.87944], [-120.104493, 38.87948], [-120.104596, 38.879598], [-120.104754, 38.879885], [-120.104939, 38.8801], [-120.104969, 38.880354], [-120.104945, 38.880637], [-120.104987, 38.880761], [-120.105066, 38.88083], [-120.105092, 38.880957], [-120.105182, 38.881068], [-120.105306, 38.881164], [-120.105535, 38.881418], [-120.105614, 38.881452], [-120.105735, 38.881472], [-120.105829, 38.881517], [-120.10594, 38.881629], [-120.105962, 38.881716], [-120.10596, 38.881807], [-120.105988, 38.881847], [-120.106002, 38.8819], [-120.105972, 38.881942], [-120.106007, 38.881995], [-120.106092, 38.882002], [-120.106333, 38.882039], [-120.106408, 38.88207], [-120.10649, 38.882139], [-120.106595, 38.882191], [-120.106742, 38.882206], [-120.107048, 38.882337], [-120.107311, 38.882517], [-120.107452, 38.882668], [-120.107523, 38.882763], [-120.107625, 38.882828], [-120.107638, 38.882888], [-120.10763, 38.883062], [-120.107704, 38.883133], [-120.107889, 38.883274], [-120.108124, 38.883367], [-120.10841, 38.883442], [-120.108687, 38.883483], [-120.108901, 38.88345], [-120.109024, 38.883472], [-120.109055, 38.883493], [-120.109132, 38.883509], [-120.109411, 38.883466], [-120.109489, 38.883425], [-120.109562, 38.883417], [-120.109684, 38.883377], [-120.109966, 38.883428], [-120.110577, 38.883463], [-120.110789, 38.883406], [-120.110909, 38.883401], [-120.111261, 38.883429], [-120.111535, 38.88347], [-120.112002, 38.883634], [-120.112474, 38.883853], [-120.112589, 38.883889], [-120.112886, 38.883949], [-120.113265, 38.88397], [-120.113421, 38.884117], [-120.113535, 38.88419], [-120.114051, 38.88444], [-120.11414, 38.884444], [-120.114232, 38.884456], [-120.114384, 38.884534], [-120.114484, 38.884546], [-120.114668, 38.88455], [-120.114832, 38.884602], [-120.115027, 38.88462], [-120.115137, 38.884653], [-120.115229, 38.884715], [-120.11529, 38.88474], [-120.115521, 38.884777], [-120.115725, 38.884845], [-120.11588, 38.884912], [-120.116224, 38.885197], [-120.116263, 38.885347], [-120.116425, 38.885534], [-120.11664, 38.885673], [-120.116859, 38.885785], [-120.117092, 38.885988], [-120.117115, 38.886057], [-120.117141, 38.885928], [-120.117123, 38.885836], [-120.117048, 38.885719], [-120.117073, 38.88567], [-120.117102, 38.885646], [-120.117219, 38.885638], [-120.11735, 38.885672], [-120.117406, 38.885662], [-120.117414, 38.885643], [-120.117319, 38.885495], [-120.117177, 38.885386], [-120.117167, 38.885352], [-120.117283, 38.885353], [-120.117391, 38.885424], [-120.117615, 38.885506], [-120.117927, 38.885692], [-120.118048, 38.885717], [-120.118119, 38.885753], [-120.118214, 38.88579], [-120.118276, 38.885768], [-120.118284, 38.88572], [-120.118287, 38.885668], [-120.118225, 38.885526], [-120.118049, 38.885302], [-120.118002, 38.885193], [-120.118042, 38.885131], [-120.11813, 38.88512], [-120.118364, 38.885131], [-120.118487, 38.88512], [-120.118519, 38.885102], [-120.118573, 38.885051], [-120.118589, 38.88498], [-120.118548, 38.884758], [-120.118567, 38.884739], [-120.118635, 38.884757], [-120.1188, 38.884876], [-120.118968, 38.884939], [-120.119052, 38.884937], [-120.119201, 38.884899], [-120.119298, 38.884905], [-120.11944, 38.884949], [-120.119531, 38.88491], [-120.119609, 38.884889], [-120.119681, 38.884864], [-120.119697, 38.884742], [-120.119756, 38.884653], [-120.119996, 38.884499], [-120.120132, 38.88445], [-120.120219, 38.884447], [-120.120312, 38.884466], [-120.120437, 38.884554], [-120.12051, 38.884692], [-120.120543, 38.884816], [-120.120578, 38.884809], [-120.12065, 38.884703], [-120.120745, 38.884649], [-120.121089, 38.884398], [-120.121237, 38.884337], [-120.12147, 38.884288], [-120.121524, 38.88427], [-120.12158, 38.884268], [-120.121647, 38.884273], [-120.121647, 38.884314], [-120.121583, 38.884341], [-120.121579, 38.884428], [-120.121647, 38.884521], [-120.121825, 38.884651], [-120.121948, 38.884699], [-120.12207, 38.884719], [-120.122238, 38.88469], [-120.122368, 38.884645], [-120.122461, 38.884594], [-120.12256, 38.88451], [-120.122739, 38.884286], [-120.122853, 38.884196], [-120.122987, 38.88414], [-120.123126, 38.88405], [-120.12367, 38.883625], [-120.123718, 38.883458], [-120.123994, 38.883318], [-120.124137, 38.883276], [-120.12451, 38.883255], [-120.124798, 38.883087], [-120.124855, 38.883036], [-120.12494, 38.882901], [-120.125006, 38.882823], [-120.125063, 38.882807], [-120.125154, 38.882738], [-120.125203, 38.88268], [-120.12528, 38.882626], [-120.125335, 38.882596], [-120.125329, 38.882539], [-120.125289, 38.882458], [-120.125294, 38.882428], [-120.125325, 38.882389], [-120.125375, 38.882333], [-120.125379, 38.882311], [-120.125445, 38.882294], [-120.125482, 38.882274], [-120.125516, 38.882256], [-120.12558, 38.882249], [-120.125613, 38.882232], [-120.125662, 38.882225], [-120.125682, 38.882195], [-120.125715, 38.882179], [-120.125736, 38.882142], [-120.125747, 38.882088], [-120.125738, 38.882068], [-120.125726, 38.882], [-120.125708, 38.881928]]}}, {"type": "Feature", "properties": {"id": "gilmore-lake", "name": "Gilmore Lake via Glen Alpine", "miles": 5.1, "color": "#3cb44b", "difficulty": "Strenuous", "desc": "Glen Alpine Trail then the Gilmore Lake spur - the classic route toward Mt. Tallac from the south."}, "geometry": {"type": "LineString", "coordinates": [[-120.072271, 38.883266], [-120.072273, 38.883173], [-120.072323, 38.882807], [-120.072339, 38.882613], [-120.072351, 38.882475], [-120.072299, 38.882322], [-120.072235, 38.88223], [-120.07213, 38.882154], [-120.071723, 38.882003], [-120.071494, 38.881854], [-120.071195, 38.881605], [-120.071021, 38.881403], [-120.071009, 38.881321], [-120.070997, 38.881137], [-120.07099, 38.88102], [-120.070977, 38.880967], [-120.070953, 38.880926], [-120.070908, 38.880866], [-120.070762, 38.880689], [-120.070693, 38.880602], [-120.070666, 38.88055], [-120.070645, 38.880489], [-120.070646, 38.880434], [-120.070664, 38.880378], [-120.070695, 38.880329], [-120.07078, 38.880253], [-120.070885, 38.88016], [-120.070931, 38.880107], [-120.070969, 38.880048], [-120.070997, 38.879967], [-120.07101, 38.879897], [-120.07101, 38.879827], [-120.070955, 38.879683], [-120.070927, 38.879649], [-120.07091, 38.879628], [-120.071004, 38.879624], [-120.071286, 38.879628], [-120.071632, 38.879632], [-120.071812, 38.879643], [-120.071991, 38.879658], [-120.072107, 38.879658], [-120.072209, 38.879659], [-120.072303, 38.879667], [-120.072374, 38.879663], [-120.072434, 38.87965], [-120.072501, 38.879625], [-120.072593, 38.879573], [-120.072644, 38.879542], [-120.072669, 38.879511], [-120.072677, 38.879456], [-120.072699, 38.879308], [-120.07271, 38.879257], [-120.072741, 38.879228], [-120.072772, 38.879217], [-120.072835, 38.879211], [-120.072883, 38.879239], [-120.072949, 38.879282], [-120.073013, 38.879341], [-120.073072, 38.879398], [-120.073119, 38.879441], [-120.073158, 38.879456], [-120.0732, 38.879457], [-120.073241, 38.87944], [-120.073276, 38.8794], [-120.07344, 38.879156], [-120.073477, 38.879095], [-120.073504, 38.879027], [-120.073514, 38.878954], [-120.073505, 38.878894], [-120.073508, 38.878835], [-120.073528, 38.878786], [-120.073555, 38.878748], [-120.073595, 38.878708], [-120.073665, 38.878682], [-120.073762, 38.878667], [-120.073823, 38.878667], [-120.07392, 38.878684], [-120.074042, 38.878728], [-120.074125, 38.878766], [-120.074179, 38.878804], [-120.074228, 38.878846], [-120.074286, 38.878864], [-120.074361, 38.878875], [-120.074432, 38.878866], [-120.074529, 38.87883], [-120.074631, 38.878795], [-120.074793, 38.878742], [-120.0749, 38.878712], [-120.074975, 38.878676], [-120.07505, 38.878615], [-120.075164, 38.878518], [-120.075355, 38.878378], [-120.075489, 38.878288], [-120.075749, 38.87813], [-120.075915, 38.878026], [-120.076017, 38.877974], [-120.076099, 38.877939], [-120.076206, 38.877902], [-120.076292, 38.877883], [-120.076418, 38.877866], [-120.076527, 38.877851], [-120.076598, 38.877831], [-120.076746, 38.877769], [-120.076819, 38.877739], [-120.076912, 38.877713], [-120.077027, 38.877689], [-120.077167, 38.877657], [-120.07732, 38.877615], [-120.077553, 38.877543], [-120.077702, 38.8775], [-120.077796, 38.877457], [-120.077841, 38.877422], [-120.077871, 38.877376], [-120.077892, 38.877308], [-120.077924, 38.877255], [-120.077985, 38.877204], [-120.078056, 38.87716], [-120.078146, 38.877115], [-120.078202, 38.877076], [-120.078258, 38.877045], [-120.078333, 38.877022], [-120.078509, 38.87697], [-120.078575, 38.876924], [-120.078641, 38.876871], [-120.078759, 38.876787], [-120.078864, 38.8767], [-120.078942, 38.876622], [-120.079019, 38.876565], [-120.079087, 38.876526], [-120.079158, 38.876501], [-120.079257, 38.876505], [-120.079363, 38.876535], [-120.079429, 38.876585], [-120.079587, 38.8767], [-120.07974, 38.876812], [-120.079782, 38.876846], [-120.079846, 38.876891], [-120.079936, 38.876937], [-120.080067, 38.876982], [-120.080299, 38.877068], [-120.080455, 38.877116], [-120.080541, 38.877158], [-120.080763, 38.877225], [-120.080859, 38.877251], [-120.081049, 38.877282], [-120.081288, 38.877305], [-120.081583, 38.877316], [-120.081797, 38.877316], [-120.081988, 38.877301], [-120.082117, 38.877267], [-120.082216, 38.877217], [-120.08238, 38.877084], [-120.082479, 38.877015], [-120.082624, 38.876948], [-120.082793, 38.876887], [-120.082951, 38.876852], [-120.083139, 38.876837], [-120.083468, 38.876827], [-120.083729, 38.876841], [-120.083957, 38.876864], [-120.084104, 38.876898], [-120.084407, 38.876979], [-120.084654, 38.877027], [-120.084761, 38.877061], [-120.084836, 38.877077], [-120.084954, 38.877069], [-120.085156, 38.877046], [-120.085502, 38.876981], [-120.08566, 38.876965], [-120.085805, 38.876958], [-120.085877, 38.876946], [-120.085936, 38.876923], [-120.086065, 38.876885], [-120.086301, 38.876835], [-120.086634, 38.876756], [-120.086733, 38.876745], [-120.086854, 38.876748], [-120.087084, 38.876783], [-120.087186, 38.876791], [-120.087272, 38.876785], [-120.087371, 38.87676], [-120.087602, 38.876683], [-120.087712, 38.876649], [-120.08783, 38.876631], [-120.087967, 38.876618], [-120.088039, 38.876605], [-120.088103, 38.876622], [-120.088211, 38.876681], [-120.088484, 38.876858], [-120.088549, 38.876896], [-120.088589, 38.876935], [-120.0886, 38.877002], [-120.088624, 38.877132], [-120.088629, 38.877257], [-120.088656, 38.877382], [-120.088688, 38.877428], [-120.088747, 38.87747], [-120.088806, 38.877543], [-120.088806, 38.87761], [-120.088785, 38.877693], [-120.08875, 38.877828], [-120.088761, 38.877915], [-120.088801, 38.878002], [-120.088884, 38.878069], [-120.089016, 38.878123], [-120.089128, 38.878157], [-120.089321, 38.878172], [-120.089541, 38.878184], [-120.08978, 38.878178], [-120.089957, 38.878151], [-120.090187, 38.878105], [-120.090437, 38.878057], [-120.090582, 38.878053], [-120.090697, 38.878055], [-120.09081, 38.878046], [-120.091156, 38.878002], [-120.091389, 38.877967], [-120.091558, 38.87794], [-120.091759, 38.877881], [-120.092116, 38.877789], [-120.092368, 38.877741], [-120.092569, 38.877714], [-120.09273, 38.877708], [-120.092953, 38.877727], [-120.093178, 38.877744], [-120.093363, 38.877731], [-120.093492, 38.877729], [-120.093696, 38.877741], [-120.09402, 38.877798], [-120.094162, 38.877825], [-120.094353, 38.877835], [-120.094519, 38.877829], [-120.094621, 38.877808], [-120.094723, 38.877771], [-120.094854, 38.877685], [-120.095066, 38.877543], [-120.095171, 38.877449], [-120.095273, 38.877318], [-120.095348, 38.877155], [-120.095412, 38.876992], [-120.095463, 38.876906], [-120.095565, 38.876793], [-120.095597, 38.876727], [-120.095606, 38.876677], [-120.095592, 38.876605], [-120.095555, 38.876524], [-120.095549, 38.876461], [-120.095563, 38.876422], [-120.0956, 38.876368], [-120.09564, 38.876265], [-120.095694, 38.876196], [-120.095782, 38.87614], [-120.095879, 38.876044], [-120.095944, 38.876006], [-120.096043, 38.875972], [-120.096198, 38.875963], [-120.096729, 38.875975], [-120.096898, 38.875926], [-120.097104, 38.875815], [-120.097233, 38.87569], [-120.097224, 38.875553], [-120.09718, 38.875422], [-120.097177, 38.875352], [-120.097318, 38.875185], [-120.09735, 38.875121], [-120.097411, 38.874891], [-120.097482, 38.874759], [-120.097659, 38.874606], [-120.097685, 38.874564], [-120.097661, 38.874494], [-120.097525, 38.874298], [-120.097271, 38.87397], [-120.097172, 38.873875], [-120.097071, 38.873671], [-120.097068, 38.873567], [-120.097345, 38.873455], [-120.097506, 38.873331], [-120.097622, 38.873285], [-120.097899, 38.873129], [-120.098123, 38.873058], [-120.098715, 38.873083], [-120.098879, 38.873127], [-120.099035, 38.87319], [-120.099153, 38.873352], [-120.099226, 38.87338], [-120.09953, 38.873414], [-120.100044, 38.873564], [-120.100084, 38.873589], [-120.100099, 38.873563], [-120.100017, 38.873511], [-120.099918, 38.87338], [-120.099908, 38.873324], [-120.100017, 38.873143], [-120.100129, 38.873151], [-120.100328, 38.87321], [-120.100407, 38.87321], [-120.100654, 38.873113], [-120.100844, 38.873108], [-120.100989, 38.873108], [-120.101133, 38.873159], [-120.101591, 38.87331], [-120.101799, 38.873319], [-120.101936, 38.873373], [-120.102147, 38.873537], [-120.102237, 38.87363], [-120.102341, 38.873707], [-120.10237, 38.87387], [-120.102346, 38.874125], [-120.102292, 38.874216], [-120.102281, 38.874336], [-120.102236, 38.874383], [-120.102057, 38.874434], [-120.101941, 38.874484], [-120.101997, 38.874524], [-120.102388, 38.874614], [-120.102472, 38.874653], [-120.102586, 38.874793], [-120.102611, 38.874881], [-120.102609, 38.875048], [-120.102652, 38.875113], [-120.102937, 38.87532], [-120.103079, 38.875403], [-120.103456, 38.875511], [-120.103675, 38.875614], [-120.103869, 38.875682], [-120.103991, 38.875763], [-120.104079, 38.875856], [-120.104164, 38.875912], [-120.104248, 38.875931], [-120.104336, 38.87599], [-120.1044, 38.87604], [-120.104524, 38.876056], [-120.104616, 38.876159], [-120.104683, 38.876298], [-120.104708, 38.876439], [-120.104605, 38.876453], [-120.104529, 38.876441], [-120.104392, 38.876377], [-120.104156, 38.876303], [-120.104118, 38.876319], [-120.104138, 38.876386], [-120.104228, 38.876476], [-120.104436, 38.876565], [-120.104606, 38.876668], [-120.104785, 38.876838], [-120.104888, 38.876962], [-120.104915, 38.877048], [-120.104919, 38.877089], [-120.1049, 38.877118], [-120.104763, 38.876941], [-120.104628, 38.876868], [-120.104473, 38.876793], [-120.104333, 38.876796], [-120.104185, 38.876804], [-120.104157, 38.876818], [-120.104152, 38.876834], [-120.104187, 38.876869], [-120.104608, 38.877158], [-120.104604, 38.877213], [-120.104516, 38.87737], [-120.104508, 38.877472], [-120.104546, 38.877531], [-120.104559, 38.877606], [-120.104514, 38.877684], [-120.104371, 38.877746], [-120.10409, 38.877802], [-120.103857, 38.877886], [-120.103797, 38.877875], [-120.103735, 38.877917], [-120.103762, 38.87799], [-120.103857, 38.878077], [-120.104098, 38.878226], [-120.104298, 38.878549], [-120.104467, 38.878703], [-120.104621, 38.878787], [-120.104653, 38.878823], [-120.10465, 38.878896], [-120.104602, 38.878971], [-120.104619, 38.879029], [-120.104773, 38.879055], [-120.104866, 38.879103], [-120.105047, 38.879439], [-120.105031, 38.879468], [-120.10471, 38.87921], [-120.104596, 38.879174], [-120.104454, 38.879147], [-120.104089, 38.879092], [-120.103864, 38.879082], [-120.103671, 38.879054], [-120.103387, 38.878966], [-120.103205, 38.878931], [-120.103767, 38.879367], [-120.103915, 38.879389], [-120.104018, 38.879427], [-120.104246, 38.87944], [-120.104493, 38.87948], [-120.104596, 38.879598], [-120.104754, 38.879885], [-120.104939, 38.8801], [-120.104969, 38.880354], [-120.104945, 38.880637], [-120.104987, 38.880761], [-120.105066, 38.88083], [-120.105092, 38.880957], [-120.105182, 38.881068], [-120.105306, 38.881164], [-120.105535, 38.881418], [-120.105614, 38.881452], [-120.105735, 38.881472], [-120.105829, 38.881517], [-120.10594, 38.881629], [-120.105962, 38.881716], [-120.10596, 38.881807], [-120.105988, 38.881847], [-120.106002, 38.8819], [-120.105972, 38.881942], [-120.106007, 38.881995], [-120.106092, 38.882002], [-120.106333, 38.882039], [-120.106408, 38.88207], [-120.10649, 38.882139], [-120.106595, 38.882191], [-120.106742, 38.882206], [-120.107048, 38.882337], [-120.107311, 38.882517], [-120.107452, 38.882668], [-120.107523, 38.882763], [-120.107625, 38.882828], [-120.107638, 38.882888], [-120.10763, 38.883062], [-120.107704, 38.883133], [-120.107889, 38.883274], [-120.108124, 38.883367], [-120.10841, 38.883442], [-120.108687, 38.883483], [-120.108901, 38.88345], [-120.109024, 38.883472], [-120.109055, 38.883493], [-120.109132, 38.883509], [-120.109411, 38.883466], [-120.109489, 38.883425], [-120.109562, 38.883417], [-120.109684, 38.883377], [-120.109966, 38.883428], [-120.110577, 38.883463], [-120.110789, 38.883406], [-120.110909, 38.883401], [-120.111261, 38.883429], [-120.111535, 38.88347], [-120.112002, 38.883634], [-120.112474, 38.883853], [-120.112589, 38.883889], [-120.112886, 38.883949], [-120.113265, 38.88397], [-120.113421, 38.884117], [-120.113535, 38.88419], [-120.114051, 38.88444], [-120.11414, 38.884444], [-120.114232, 38.884456], [-120.114384, 38.884534], [-120.114484, 38.884546], [-120.114668, 38.88455], [-120.114832, 38.884602], [-120.115027, 38.88462], [-120.115137, 38.884653], [-120.115229, 38.884715], [-120.11529, 38.88474], [-120.115521, 38.884777], [-120.115725, 38.884845], [-120.11588, 38.884912], [-120.116224, 38.885197], [-120.116263, 38.885347], [-120.116425, 38.885534], [-120.11664, 38.885673], [-120.116859, 38.885785], [-120.117092, 38.885988], [-120.117115, 38.886057], [-120.116912, 38.886309], [-120.116745, 38.88659], [-120.116675, 38.88674], [-120.116635, 38.886936], [-120.116768, 38.887331], [-120.116952, 38.887701], [-120.117038, 38.887849], [-120.117156, 38.887995], [-120.117261, 38.888179], [-120.117194, 38.888182], [-120.117001, 38.888112], [-120.116911, 38.888091], [-120.116446, 38.887883], [-120.116215, 38.887739], [-120.115908, 38.887588], [-120.115762, 38.887537], [-120.115612, 38.887509], [-120.115242, 38.887507], [-120.115147, 38.887524], [-120.11509, 38.887549], [-120.115058, 38.887594], [-120.115031, 38.887693], [-120.115079, 38.887886], [-120.115031, 38.888098], [-120.115079, 38.888177], [-120.115249, 38.888356], [-120.115267, 38.888419], [-120.115247, 38.888504], [-120.115075, 38.888771], [-120.11499, 38.888851], [-120.114564, 38.889138], [-120.11447, 38.889248], [-120.114324, 38.88932], [-120.114023, 38.889349], [-120.113907, 38.8894], [-120.113857, 38.889441], [-120.113823, 38.889502], [-120.113792, 38.889643], [-120.113754, 38.890012], [-120.113722, 38.890079], [-120.113597, 38.890221], [-120.113449, 38.89063], [-120.113435, 38.890899], [-120.113432, 38.891013], [-120.113438, 38.891269], [-120.11349, 38.891611], [-120.113452, 38.892492], [-120.11344, 38.892702], [-120.113383, 38.892956], [-120.113266, 38.89313], [-120.113137, 38.893239]]}}, {"type": "Feature", "properties": {"id": "lake-aloha", "name": "Lake Aloha via Heather Lake", "miles": 7.7, "color": "#4363d8", "difficulty": "Strenuous", "desc": "The long haul: Glen Alpine Trail to the PCT, past Susie and Heather Lakes to the granite shores of Lake Aloha."}, "geometry": {"type": "LineString", "coordinates": [[-120.072271, 38.883266], [-120.072273, 38.883173], [-120.072323, 38.882807], [-120.072339, 38.882613], [-120.072351, 38.882475], [-120.072299, 38.882322], [-120.072235, 38.88223], [-120.07213, 38.882154], [-120.071723, 38.882003], [-120.071494, 38.881854], [-120.071195, 38.881605], [-120.071021, 38.881403], [-120.071009, 38.881321], [-120.070997, 38.881137], [-120.07099, 38.88102], [-120.070977, 38.880967], [-120.070953, 38.880926], [-120.070908, 38.880866], [-120.070762, 38.880689], [-120.070693, 38.880602], [-120.070666, 38.88055], [-120.070645, 38.880489], [-120.070646, 38.880434], [-120.070664, 38.880378], [-120.070695, 38.880329], [-120.07078, 38.880253], [-120.070885, 38.88016], [-120.070931, 38.880107], [-120.070969, 38.880048], [-120.070997, 38.879967], [-120.07101, 38.879897], [-120.07101, 38.879827], [-120.070955, 38.879683], [-120.070927, 38.879649], [-120.07091, 38.879628], [-120.071004, 38.879624], [-120.071286, 38.879628], [-120.071632, 38.879632], [-120.071812, 38.879643], [-120.071991, 38.879658], [-120.072107, 38.879658], [-120.072209, 38.879659], [-120.072303, 38.879667], [-120.072374, 38.879663], [-120.072434, 38.87965], [-120.072501, 38.879625], [-120.072593, 38.879573], [-120.072644, 38.879542], [-120.072669, 38.879511], [-120.072677, 38.879456], [-120.072699, 38.879308], [-120.07271, 38.879257], [-120.072741, 38.879228], [-120.072772, 38.879217], [-120.072835, 38.879211], [-120.072883, 38.879239], [-120.072949, 38.879282], [-120.073013, 38.879341], [-120.073072, 38.879398], [-120.073119, 38.879441], [-120.073158, 38.879456], [-120.0732, 38.879457], [-120.073241, 38.87944], [-120.073276, 38.8794], [-120.07344, 38.879156], [-120.073477, 38.879095], [-120.073504, 38.879027], [-120.073514, 38.878954], [-120.073505, 38.878894], [-120.073508, 38.878835], [-120.073528, 38.878786], [-120.073555, 38.878748], [-120.073595, 38.878708], [-120.073665, 38.878682], [-120.073762, 38.878667], [-120.073823, 38.878667], [-120.07392, 38.878684], [-120.074042, 38.878728], [-120.074125, 38.878766], [-120.074179, 38.878804], [-120.074228, 38.878846], [-120.074286, 38.878864], [-120.074361, 38.878875], [-120.074432, 38.878866], [-120.074529, 38.87883], [-120.074631, 38.878795], [-120.074793, 38.878742], [-120.0749, 38.878712], [-120.074975, 38.878676], [-120.07505, 38.878615], [-120.075164, 38.878518], [-120.075355, 38.878378], [-120.075489, 38.878288], [-120.075749, 38.87813], [-120.075915, 38.878026], [-120.076017, 38.877974], [-120.076099, 38.877939], [-120.076206, 38.877902], [-120.076292, 38.877883], [-120.076418, 38.877866], [-120.076527, 38.877851], [-120.076598, 38.877831], [-120.076746, 38.877769], [-120.076819, 38.877739], [-120.076912, 38.877713], [-120.077027, 38.877689], [-120.077167, 38.877657], [-120.07732, 38.877615], [-120.077553, 38.877543], [-120.077702, 38.8775], [-120.077796, 38.877457], [-120.077841, 38.877422], [-120.077871, 38.877376], [-120.077892, 38.877308], [-120.077924, 38.877255], [-120.077985, 38.877204], [-120.078056, 38.87716], [-120.078146, 38.877115], [-120.078202, 38.877076], [-120.078258, 38.877045], [-120.078333, 38.877022], [-120.078509, 38.87697], [-120.078575, 38.876924], [-120.078641, 38.876871], [-120.078759, 38.876787], [-120.078864, 38.8767], [-120.078942, 38.876622], [-120.079019, 38.876565], [-120.079087, 38.876526], [-120.079158, 38.876501], [-120.079257, 38.876505], [-120.079363, 38.876535], [-120.079429, 38.876585], [-120.079587, 38.8767], [-120.07974, 38.876812], [-120.079782, 38.876846], [-120.079846, 38.876891], [-120.079936, 38.876937], [-120.080067, 38.876982], [-120.080299, 38.877068], [-120.080455, 38.877116], [-120.080541, 38.877158], [-120.080763, 38.877225], [-120.080859, 38.877251], [-120.081049, 38.877282], [-120.081288, 38.877305], [-120.081583, 38.877316], [-120.081797, 38.877316], [-120.081988, 38.877301], [-120.082117, 38.877267], [-120.082216, 38.877217], [-120.08238, 38.877084], [-120.082479, 38.877015], [-120.082624, 38.876948], [-120.082793, 38.876887], [-120.082951, 38.876852], [-120.083139, 38.876837], [-120.083468, 38.876827], [-120.083729, 38.876841], [-120.083957, 38.876864], [-120.084104, 38.876898], [-120.084407, 38.876979], [-120.084654, 38.877027], [-120.084761, 38.877061], [-120.084836, 38.877077], [-120.084954, 38.877069], [-120.085156, 38.877046], [-120.085502, 38.876981], [-120.08566, 38.876965], [-120.085805, 38.876958], [-120.085877, 38.876946], [-120.085936, 38.876923], [-120.086065, 38.876885], [-120.086301, 38.876835], [-120.086634, 38.876756], [-120.086733, 38.876745], [-120.086854, 38.876748], [-120.087084, 38.876783], [-120.087186, 38.876791], [-120.087272, 38.876785], [-120.087371, 38.87676], [-120.087602, 38.876683], [-120.087712, 38.876649], [-120.08783, 38.876631], [-120.087967, 38.876618], [-120.088039, 38.876605], [-120.088103, 38.876622], [-120.088211, 38.876681], [-120.088484, 38.876858], [-120.088549, 38.876896], [-120.088589, 38.876935], [-120.0886, 38.877002], [-120.088624, 38.877132], [-120.088629, 38.877257], [-120.088656, 38.877382], [-120.088688, 38.877428], [-120.088747, 38.87747], [-120.088806, 38.877543], [-120.088806, 38.87761], [-120.088785, 38.877693], [-120.08875, 38.877828], [-120.088761, 38.877915], [-120.088801, 38.878002], [-120.088884, 38.878069], [-120.089016, 38.878123], [-120.089128, 38.878157], [-120.089321, 38.878172], [-120.089541, 38.878184], [-120.08978, 38.878178], [-120.089957, 38.878151], [-120.090187, 38.878105], [-120.090437, 38.878057], [-120.090582, 38.878053], [-120.090697, 38.878055], [-120.09081, 38.878046], [-120.091156, 38.878002], [-120.091389, 38.877967], [-120.091558, 38.87794], [-120.091759, 38.877881], [-120.092116, 38.877789], [-120.092368, 38.877741], [-120.092569, 38.877714], [-120.09273, 38.877708], [-120.092953, 38.877727], [-120.093178, 38.877744], [-120.093363, 38.877731], [-120.093492, 38.877729], [-120.093696, 38.877741], [-120.09402, 38.877798], [-120.094162, 38.877825], [-120.094353, 38.877835], [-120.094519, 38.877829], [-120.094621, 38.877808], [-120.094723, 38.877771], [-120.094854, 38.877685], [-120.095066, 38.877543], [-120.095171, 38.877449], [-120.095273, 38.877318], [-120.095348, 38.877155], [-120.095412, 38.876992], [-120.095463, 38.876906], [-120.095565, 38.876793], [-120.095597, 38.876727], [-120.095606, 38.876677], [-120.095592, 38.876605], [-120.095555, 38.876524], [-120.095549, 38.876461], [-120.095563, 38.876422], [-120.0956, 38.876368], [-120.09564, 38.876265], [-120.095694, 38.876196], [-120.095782, 38.87614], [-120.095879, 38.876044], [-120.095944, 38.876006], [-120.096043, 38.875972], [-120.096198, 38.875963], [-120.096729, 38.875975], [-120.096898, 38.875926], [-120.097104, 38.875815], [-120.097233, 38.87569], [-120.097224, 38.875553], [-120.09718, 38.875422], [-120.097177, 38.875352], [-120.097318, 38.875185], [-120.09735, 38.875121], [-120.097411, 38.874891], [-120.097482, 38.874759], [-120.097659, 38.874606], [-120.097685, 38.874564], [-120.097661, 38.874494], [-120.097525, 38.874298], [-120.097271, 38.87397], [-120.097172, 38.873875], [-120.097071, 38.873671], [-120.097068, 38.873567], [-120.097345, 38.873455], [-120.097506, 38.873331], [-120.097622, 38.873285], [-120.097899, 38.873129], [-120.098123, 38.873058], [-120.098715, 38.873083], [-120.098879, 38.873127], [-120.099035, 38.87319], [-120.099153, 38.873352], [-120.099226, 38.87338], [-120.09953, 38.873414], [-120.100044, 38.873564], [-120.100084, 38.873589], [-120.100099, 38.873563], [-120.100017, 38.873511], [-120.099918, 38.87338], [-120.099908, 38.873324], [-120.100017, 38.873143], [-120.100129, 38.873151], [-120.100328, 38.87321], [-120.100407, 38.87321], [-120.100654, 38.873113], [-120.100844, 38.873108], [-120.100989, 38.873108], [-120.101133, 38.873159], [-120.101591, 38.87331], [-120.101799, 38.873319], [-120.101936, 38.873373], [-120.102147, 38.873537], [-120.102237, 38.87363], [-120.102341, 38.873707], [-120.10237, 38.87387], [-120.102346, 38.874125], [-120.102292, 38.874216], [-120.102281, 38.874336], [-120.102236, 38.874383], [-120.102057, 38.874434], [-120.101941, 38.874484], [-120.101997, 38.874524], [-120.102388, 38.874614], [-120.102472, 38.874653], [-120.102586, 38.874793], [-120.102611, 38.874881], [-120.102609, 38.875048], [-120.102652, 38.875113], [-120.102937, 38.87532], [-120.103079, 38.875403], [-120.103456, 38.875511], [-120.103675, 38.875614], [-120.103869, 38.875682], [-120.103991, 38.875763], [-120.104079, 38.875856], [-120.104164, 38.875912], [-120.104248, 38.875931], [-120.104336, 38.87599], [-120.1044, 38.87604], [-120.104524, 38.876056], [-120.104616, 38.876159], [-120.104683, 38.876298], [-120.104708, 38.876439], [-120.104605, 38.876453], [-120.104529, 38.876441], [-120.104392, 38.876377], [-120.104156, 38.876303], [-120.104118, 38.876319], [-120.104138, 38.876386], [-120.104228, 38.876476], [-120.104436, 38.876565], [-120.104606, 38.876668], [-120.104785, 38.876838], [-120.104888, 38.876962], [-120.104915, 38.877048], [-120.104919, 38.877089], [-120.1049, 38.877118], [-120.104763, 38.876941], [-120.104628, 38.876868], [-120.104473, 38.876793], [-120.104333, 38.876796], [-120.104185, 38.876804], [-120.104157, 38.876818], [-120.104152, 38.876834], [-120.104187, 38.876869], [-120.104608, 38.877158], [-120.104604, 38.877213], [-120.104516, 38.87737], [-120.104508, 38.877472], [-120.104546, 38.877531], [-120.104559, 38.877606], [-120.104514, 38.877684], [-120.104371, 38.877746], [-120.10409, 38.877802], [-120.103857, 38.877886], [-120.103797, 38.877875], [-120.103735, 38.877917], [-120.103762, 38.87799], [-120.103857, 38.878077], [-120.104098, 38.878226], [-120.104298, 38.878549], [-120.104467, 38.878703], [-120.104621, 38.878787], [-120.104653, 38.878823], [-120.10465, 38.878896], [-120.104602, 38.878971], [-120.104619, 38.879029], [-120.104773, 38.879055], [-120.104866, 38.879103], [-120.105047, 38.879439], [-120.105031, 38.879468], [-120.10471, 38.87921], [-120.104596, 38.879174], [-120.104454, 38.879147], [-120.104089, 38.879092], [-120.103864, 38.879082], [-120.103671, 38.879054], [-120.103387, 38.878966], [-120.103205, 38.878931], [-120.103767, 38.879367], [-120.103915, 38.879389], [-120.104018, 38.879427], [-120.104246, 38.87944], [-120.104493, 38.87948], [-120.104596, 38.879598], [-120.104754, 38.879885], [-120.104939, 38.8801], [-120.104969, 38.880354], [-120.104945, 38.880637], [-120.104987, 38.880761], [-120.105066, 38.88083], [-120.105092, 38.880957], [-120.105182, 38.881068], [-120.105306, 38.881164], [-120.105535, 38.881418], [-120.105614, 38.881452], [-120.105735, 38.881472], [-120.105829, 38.881517], [-120.10594, 38.881629], [-120.105962, 38.881716], [-120.10596, 38.881807], [-120.105988, 38.881847], [-120.106002, 38.8819], [-120.105972, 38.881942], [-120.106007, 38.881995], [-120.106092, 38.882002], [-120.106333, 38.882039], [-120.106408, 38.88207], [-120.10649, 38.882139], [-120.106595, 38.882191], [-120.106742, 38.882206], [-120.107048, 38.882337], [-120.107311, 38.882517], [-120.107452, 38.882668], [-120.107523, 38.882763], [-120.107625, 38.882828], [-120.107638, 38.882888], [-120.10763, 38.883062], [-120.107704, 38.883133], [-120.107889, 38.883274], [-120.108124, 38.883367], [-120.10841, 38.883442], [-120.108687, 38.883483], [-120.108901, 38.88345], [-120.109024, 38.883472], [-120.109055, 38.883493], [-120.109132, 38.883509], [-120.109411, 38.883466], [-120.109489, 38.883425], [-120.109562, 38.883417], [-120.109684, 38.883377], [-120.109966, 38.883428], [-120.110577, 38.883463], [-120.110789, 38.883406], [-120.110909, 38.883401], [-120.111261, 38.883429], [-120.111535, 38.88347], [-120.112002, 38.883634], [-120.112474, 38.883853], [-120.112589, 38.883889], [-120.112886, 38.883949], [-120.113265, 38.88397], [-120.113421, 38.884117], [-120.113535, 38.88419], [-120.114051, 38.88444], [-120.11414, 38.884444], [-120.114232, 38.884456], [-120.114384, 38.884534], [-120.114484, 38.884546], [-120.114668, 38.88455], [-120.114832, 38.884602], [-120.115027, 38.88462], [-120.115137, 38.884653], [-120.115229, 38.884715], [-120.11529, 38.88474], [-120.115521, 38.884777], [-120.115725, 38.884845], [-120.11588, 38.884912], [-120.116224, 38.885197], [-120.116263, 38.885347], [-120.116425, 38.885534], [-120.11664, 38.885673], [-120.116859, 38.885785], [-120.117092, 38.885988], [-120.117115, 38.886057], [-120.117141, 38.885928], [-120.117123, 38.885836], [-120.117048, 38.885719], [-120.117073, 38.88567], [-120.117102, 38.885646], [-120.117219, 38.885638], [-120.11735, 38.885672], [-120.117406, 38.885662], [-120.117414, 38.885643], [-120.117319, 38.885495], [-120.117177, 38.885386], [-120.117167, 38.885352], [-120.117283, 38.885353], [-120.117391, 38.885424], [-120.117615, 38.885506], [-120.117927, 38.885692], [-120.118048, 38.885717], [-120.118119, 38.885753], [-120.118214, 38.88579], [-120.118276, 38.885768], [-120.118284, 38.88572], [-120.118287, 38.885668], [-120.118225, 38.885526], [-120.118049, 38.885302], [-120.118002, 38.885193], [-120.118042, 38.885131], [-120.11813, 38.88512], [-120.118364, 38.885131], [-120.118487, 38.88512], [-120.118519, 38.885102], [-120.118573, 38.885051], [-120.118589, 38.88498], [-120.118548, 38.884758], [-120.118567, 38.884739], [-120.118635, 38.884757], [-120.1188, 38.884876], [-120.118968, 38.884939], [-120.119052, 38.884937], [-120.119201, 38.884899], [-120.119298, 38.884905], [-120.11944, 38.884949], [-120.119531, 38.88491], [-120.119609, 38.884889], [-120.119681, 38.884864], [-120.119697, 38.884742], [-120.119756, 38.884653], [-120.119996, 38.884499], [-120.120132, 38.88445], [-120.120219, 38.884447], [-120.120312, 38.884466], [-120.120437, 38.884554], [-120.12051, 38.884692], [-120.120543, 38.884816], [-120.120578, 38.884809], [-120.12065, 38.884703], [-120.120745, 38.884649], [-120.121089, 38.884398], [-120.121237, 38.884337], [-120.12147, 38.884288], [-120.121524, 38.88427], [-120.12158, 38.884268], [-120.121647, 38.884273], [-120.121647, 38.884314], [-120.121583, 38.884341], [-120.121579, 38.884428], [-120.121647, 38.884521], [-120.121825, 38.884651], [-120.121948, 38.884699], [-120.12207, 38.884719], [-120.122238, 38.88469], [-120.122368, 38.884645], [-120.122461, 38.884594], [-120.12256, 38.88451], [-120.122739, 38.884286], [-120.122853, 38.884196], [-120.122987, 38.88414], [-120.123126, 38.88405], [-120.12367, 38.883625], [-120.123718, 38.883458], [-120.123994, 38.883318], [-120.124137, 38.883276], [-120.12451, 38.883255], [-120.124798, 38.883087], [-120.124855, 38.883036], [-120.12494, 38.882901], [-120.125006, 38.882823], [-120.125063, 38.882807], [-120.125154, 38.882738], [-120.125203, 38.88268], [-120.12528, 38.882626], [-120.125335, 38.882596], [-120.125329, 38.882539], [-120.125289, 38.882458], [-120.125294, 38.882428], [-120.125325, 38.882389], [-120.125375, 38.882333], [-120.125379, 38.882311], [-120.125445, 38.882294], [-120.125482, 38.882274], [-120.125516, 38.882256], [-120.12558, 38.882249], [-120.125613, 38.882232], [-120.125662, 38.882225], [-120.125682, 38.882195], [-120.125715, 38.882179], [-120.125736, 38.882142], [-120.125747, 38.882088], [-120.125738, 38.882068], [-120.125726, 38.882], [-120.125708, 38.881928], [-120.125662, 38.881873], [-120.125604, 38.881822], [-120.12557, 38.881763], [-120.125411, 38.881664], [-120.125391, 38.88163], [-120.125345, 38.881603], [-120.125255, 38.881517], [-120.125176, 38.88141], [-120.125144, 38.881347], [-120.125143, 38.881328], [-120.125083, 38.881264], [-120.125035, 38.881231], [-120.125004, 38.881197], [-120.124974, 38.881143], [-120.124965, 38.8811], [-120.124938, 38.881064], [-120.124879, 38.88104], [-120.124821, 38.880962], [-120.124885, 38.880866], [-120.124904, 38.880825], [-120.124956, 38.880795], [-120.124985, 38.880756], [-120.12497, 38.880713], [-120.124927, 38.880652], [-120.124832, 38.880545], [-120.124771, 38.880431], [-120.124745, 38.880309], [-120.124662, 38.880106], [-120.124581, 38.880005], [-120.124489, 38.879932], [-120.124431, 38.879862], [-120.124379, 38.879776], [-120.124343, 38.879765], [-120.124207, 38.879604], [-120.124177, 38.879585], [-120.124158, 38.879556], [-120.124132, 38.879494], [-120.124122, 38.879471], [-120.12415, 38.879373], [-120.124192, 38.879303], [-120.124405, 38.879063], [-120.124432, 38.879045], [-120.12445, 38.878991], [-120.12448, 38.878843], [-120.124466, 38.8788], [-120.124477, 38.878748], [-120.124487, 38.878717], [-120.124501, 38.878698], [-120.124645, 38.878611], [-120.124757, 38.878574], [-120.124803, 38.878533], [-120.124897, 38.878415], [-120.12495, 38.87839], [-120.124995, 38.878383], [-120.125061, 38.878346], [-120.1251, 38.878305], [-120.125143, 38.87827], [-120.125147, 38.878236], [-120.125187, 38.878199], [-120.125189, 38.878147], [-120.125207, 38.878124], [-120.125267, 38.878085], [-120.1253, 38.878027], [-120.12536, 38.878009], [-120.125409, 38.877968], [-120.12546, 38.877903], [-120.125516, 38.877851], [-120.125578, 38.877852], [-120.12563, 38.877862], [-120.125653, 38.877886], [-120.125679, 38.87795], [-120.125783, 38.878044], [-120.125821, 38.878054], [-120.125843, 38.878114], [-120.125976, 38.878262], [-120.126251, 38.878511], [-120.126665, 38.878967], [-120.126836, 38.879095], [-120.12704, 38.879187], [-120.127317, 38.87934], [-120.127545, 38.879422], [-120.127846, 38.879613], [-120.127913, 38.87963], [-120.127973, 38.87961], [-120.128041, 38.879571], [-120.128047, 38.879498], [-120.128135, 38.879447], [-120.128202, 38.879447], [-120.128562, 38.879282], [-120.128712, 38.879241], [-120.128838, 38.879159], [-120.1289, 38.87909], [-120.128908, 38.878954], [-120.128961, 38.878864], [-120.12901, 38.878854], [-120.129041, 38.87883], [-120.129118, 38.878811], [-120.129162, 38.878839], [-120.129202, 38.878857], [-120.129255, 38.878871], [-120.129292, 38.878895], [-120.129331, 38.87895], [-120.129393, 38.879006], [-120.129454, 38.879042], [-120.129533, 38.879032], [-120.129597, 38.87904], [-120.129671, 38.87906], [-120.129778, 38.879062], [-120.129914, 38.879057], [-120.129981, 38.879074], [-120.13004, 38.879067], [-120.130086, 38.879026], [-120.130152, 38.878994], [-120.130228, 38.878919], [-120.1303, 38.878884], [-120.130445, 38.878881], [-120.130745, 38.878786], [-120.131029, 38.878754], [-120.131213, 38.87871], [-120.131496, 38.878696], [-120.131612, 38.878641], [-120.131917, 38.878637], [-120.132007, 38.878617], [-120.132084, 38.878598], [-120.132105, 38.878531], [-120.132073, 38.878476], [-120.132038, 38.878374], [-120.13207, 38.878291], [-120.132126, 38.878234], [-120.132207, 38.878209], [-120.132308, 38.878228], [-120.13243, 38.878165], [-120.132477, 38.878093], [-120.132528, 38.877985], [-120.13262, 38.877936], [-120.132872, 38.877894], [-120.132988, 38.877827], [-120.133095, 38.877821], [-120.133229, 38.877863], [-120.133275, 38.877845], [-120.133334, 38.877762], [-120.133441, 38.877784], [-120.133505, 38.877769], [-120.133569, 38.877766], [-120.133626, 38.8778], [-120.133697, 38.877825], [-120.133792, 38.877805], [-120.13387, 38.877803], [-120.134015, 38.877865], [-120.13416, 38.877865], [-120.134364, 38.877892], [-120.134469, 38.877926], [-120.134533, 38.877926], [-120.134592, 38.87795], [-120.134633, 38.877943], [-120.134817, 38.877989], [-120.134867, 38.878033], [-120.134907, 38.878034], [-120.134972, 38.878069], [-120.135383, 38.87815], [-120.135488, 38.87814], [-120.135507, 38.878092], [-120.135494, 38.878037], [-120.135533, 38.878028], [-120.135659, 38.878078], [-120.135751, 38.878055], [-120.135849, 38.878067], [-120.135957, 38.878109], [-120.136055, 38.87813], [-120.136158, 38.878109], [-120.136348, 38.878132], [-120.136495, 38.87821], [-120.136729, 38.878264], [-120.136827, 38.878267], [-120.137225, 38.878318], [-120.137602, 38.878384], [-120.137713, 38.878384], [-120.137776, 38.878413], [-120.137885, 38.878402], [-120.138075, 38.878366], [-120.138161, 38.878368], [-120.13828, 38.878392], [-120.138419, 38.878373], [-120.138511, 38.87833], [-120.138791, 38.878273], [-120.139001, 38.878272], [-120.13917, 38.878266], [-120.139406, 38.878243], [-120.139548, 38.878186], [-120.139698, 38.87818], [-120.139772, 38.87813], [-120.139857, 38.878055], [-120.139925, 38.878042], [-120.140036, 38.87808], [-120.140146, 38.878234], [-120.140297, 38.878351], [-120.140348, 38.878349], [-120.140433, 38.878215], [-120.14046, 38.878151], [-120.14053, 38.878086], [-120.140597, 38.878099], [-120.14085, 38.878126], [-120.140927, 38.878138], [-120.140928, 38.878177], [-120.140844, 38.878395], [-120.140794, 38.878454], [-120.140793, 38.878493], [-120.14083, 38.878514], [-120.140891, 38.878417], [-120.141062, 38.87818], [-120.141167, 38.878079], [-120.141317, 38.878075], [-120.141404, 38.878078], [-120.141471, 38.878101], [-120.141579, 38.878147], [-120.141684, 38.878186], [-120.141954, 38.878203], [-120.1423, 38.878167], [-120.14251, 38.878176], [-120.142843, 38.878275], [-120.143157, 38.878438], [-120.143423, 38.878501], [-120.143588, 38.878494], [-120.143715, 38.878454], [-120.143917, 38.87851], [-120.144075, 38.878536], [-120.144281, 38.878526], [-120.144332, 38.878514], [-120.144449, 38.878504], [-120.144595, 38.878438], [-120.144685, 38.878352], [-120.144754, 38.878214], [-120.144862, 38.878111], [-120.145145, 38.878013], [-120.145201, 38.877961], [-120.1452, 38.877857], [-120.145208, 38.877687], [-120.145255, 38.87765], [-120.145339, 38.87763], [-120.145468, 38.877629], [-120.145601, 38.877592], [-120.14565, 38.877549], [-120.145735, 38.877491], [-120.145814, 38.87752], [-120.145984, 38.877574], [-120.146057, 38.877581], [-120.146062, 38.877532], [-120.146026, 38.877464], [-120.145952, 38.877415], [-120.145902, 38.877372], [-120.145931, 38.877351], [-120.14602, 38.877422], [-120.146138, 38.877453], [-120.14616, 38.877442], [-120.146096, 38.877394], [-120.146103, 38.877359], [-120.14614, 38.877323], [-120.14618, 38.877299], [-120.146212, 38.877178], [-120.146271, 38.877052], [-120.146277, 38.876938], [-120.146258, 38.876817], [-120.146234, 38.876772], [-120.146224, 38.876711], [-120.146226, 38.87665], [-120.146284, 38.876578], [-120.146293, 38.876541], [-120.146282, 38.876492], [-120.146196, 38.876302], [-120.146139, 38.876277], [-120.145892, 38.876227], [-120.145802, 38.876207], [-120.145736, 38.876205], [-120.145639, 38.876197], [-120.145545, 38.876177], [-120.145468, 38.876147], [-120.145446, 38.876109], [-120.145364, 38.87603], [-120.145268, 38.875933], [-120.145244, 38.8759], [-120.145229, 38.875853], [-120.145241, 38.875797], [-120.145281, 38.875742], [-120.145287, 38.875704], [-120.145282, 38.875663], [-120.145243, 38.875583], [-120.145232, 38.875493], [-120.145273, 38.875399], [-120.145272, 38.875337], [-120.145255, 38.875297], [-120.145234, 38.875179], [-120.145232, 38.875114], [-120.145196, 38.874981], [-120.145146, 38.874868], [-120.145089, 38.874815], [-120.145038, 38.874797], [-120.144895, 38.874756], [-120.144808, 38.874733], [-120.144733, 38.874693], [-120.144601, 38.874421], [-120.144591, 38.874378], [-120.144532, 38.874343], [-120.144373, 38.87426], [-120.144261, 38.874178], [-120.144216, 38.874085], [-120.144206, 38.874021], [-120.144219, 38.873953], [-120.144229, 38.873889], [-120.144175, 38.873791], [-120.144166, 38.873742], [-120.144144, 38.8737], [-120.144116, 38.873666], [-120.144023, 38.873631], [-120.143981, 38.873618], [-120.143926, 38.873587], [-120.143889, 38.873557], [-120.143838, 38.873485], [-120.143786, 38.87329], [-120.143768, 38.873235], [-120.14374, 38.87318], [-120.143686, 38.873114], [-120.143663, 38.873051], [-120.143642, 38.872971], [-120.14363, 38.872891], [-120.143536, 38.872805], [-120.143481, 38.872746], [-120.143367, 38.872643], [-120.143322, 38.872604], [-120.143286, 38.872575], [-120.14321, 38.872553], [-120.14314, 38.872541], [-120.143089, 38.872522], [-120.143002, 38.872514], [-120.142948, 38.872504], [-120.142882, 38.872461], [-120.142751, 38.872321], [-120.142736, 38.87228], [-120.142708, 38.872229], [-120.142646, 38.872183], [-120.142569, 38.872148], [-120.142518, 38.872111], [-120.142414, 38.872015], [-120.142351, 38.871915], [-120.142298, 38.871816], [-120.142217, 38.871724], [-120.142076, 38.87162], [-120.141879, 38.871504], [-120.141857, 38.871451], [-120.1418, 38.871357], [-120.14177, 38.871317], [-120.141736, 38.871277], [-120.141691, 38.871233], [-120.141621, 38.871218], [-120.141478, 38.871148], [-120.141355, 38.871104], [-120.141296, 38.871085], [-120.141251, 38.871013], [-120.141188, 38.870944], [-120.141095, 38.870857], [-120.141046, 38.870787], [-120.141012, 38.870728], [-120.140993, 38.870669], [-120.140958, 38.870607], [-120.140948, 38.870534], [-120.140922, 38.870479], [-120.140868, 38.870249], [-120.140856, 38.870211], [-120.140798, 38.870166], [-120.140721, 38.870096], [-120.140669, 38.870054], [-120.140635, 38.869978], [-120.140604, 38.869925], [-120.140554, 38.869853], [-120.140514, 38.869755], [-120.140508, 38.869724], [-120.14045, 38.869664], [-120.140423, 38.86962], [-120.140342, 38.86957], [-120.140218, 38.869517], [-120.14014, 38.869496], [-120.140034, 38.869446], [-120.139948, 38.869365]]}}, {"type": "Feature", "properties": {"id": "mid-tallac", "name": "Mt. Tallac via Mid-Tallac Trail", "miles": 4.6, "color": "#9a6324", "difficulty": "Very strenuous", "desc": "The unmarked Mid-Tallac route from the Lily Lake parking lot - climbs the southern scree side of Cathedral Ridge straight to the summit."}, "geometry": {"type": "LineString", "coordinates": [[-120.072271, 38.883266], [-120.072273, 38.883173], [-120.072323, 38.882807], [-120.072339, 38.882613], [-120.072351, 38.882475], [-120.072299, 38.882322], [-120.072235, 38.88223], [-120.07213, 38.882154], [-120.071723, 38.882003], [-120.071494, 38.881854], [-120.071195, 38.881605], [-120.071021, 38.881403], [-120.071009, 38.881321], [-120.070997, 38.881137], [-120.07099, 38.88102], [-120.070977, 38.880967], [-120.070953, 38.880926], [-120.070908, 38.880866], [-120.070762, 38.880689], [-120.070693, 38.880602], [-120.070666, 38.88055], [-120.070645, 38.880489], [-120.070646, 38.880434], [-120.070664, 38.880378], [-120.070695, 38.880329], [-120.07078, 38.880253], [-120.070885, 38.88016], [-120.070931, 38.880107], [-120.070969, 38.880048], [-120.070997, 38.879967], [-120.07101, 38.879897], [-120.07101, 38.879827], [-120.070955, 38.879683], [-120.070927, 38.879649], [-120.07091, 38.879628], [-120.071004, 38.879624], [-120.071286, 38.879628], [-120.071632, 38.879632], [-120.071812, 38.879643], [-120.071991, 38.879658], [-120.072107, 38.879658], [-120.072209, 38.879659], [-120.072303, 38.879667], [-120.072374, 38.879663], [-120.072434, 38.87965], [-120.072501, 38.879625], [-120.072593, 38.879573], [-120.072644, 38.879542], [-120.072669, 38.879511], [-120.072677, 38.879456], [-120.072699, 38.879308], [-120.07271, 38.879257], [-120.072741, 38.879228], [-120.072772, 38.879217], [-120.072835, 38.879211], [-120.072883, 38.879239], [-120.072949, 38.879282], [-120.073013, 38.879341], [-120.073072, 38.879398], [-120.073119, 38.879441], [-120.073158, 38.879456], [-120.0732, 38.879457], [-120.073241, 38.87944], [-120.073276, 38.8794], [-120.07344, 38.879156], [-120.073477, 38.879095], [-120.073504, 38.879027], [-120.073514, 38.878954], [-120.073505, 38.878894], [-120.073508, 38.878835], [-120.073528, 38.878786], [-120.073555, 38.878748], [-120.073595, 38.878708], [-120.073665, 38.878682], [-120.073762, 38.878667], [-120.073823, 38.878667], [-120.07392, 38.878684], [-120.074042, 38.878728], [-120.074125, 38.878766], [-120.074179, 38.878804], [-120.074228, 38.878846], [-120.074286, 38.878864], [-120.074361, 38.878875], [-120.074432, 38.878866], [-120.074529, 38.87883], [-120.074631, 38.878795], [-120.074793, 38.878742], [-120.0749, 38.878712], [-120.074975, 38.878676], [-120.07505, 38.878615], [-120.075164, 38.878518], [-120.075355, 38.878378], [-120.075489, 38.878288], [-120.075749, 38.87813], [-120.075915, 38.878026], [-120.076017, 38.877974], [-120.076099, 38.877939], [-120.076206, 38.877902], [-120.076292, 38.877883], [-120.076418, 38.877866], [-120.076527, 38.877851], [-120.076598, 38.877831], [-120.076746, 38.877769], [-120.076819, 38.877739], [-120.076912, 38.877713], [-120.077027, 38.877689], [-120.077167, 38.877657], [-120.07732, 38.877615], [-120.077553, 38.877543], [-120.077702, 38.8775], [-120.077796, 38.877457], [-120.077841, 38.877422], [-120.077871, 38.877376], [-120.077892, 38.877308], [-120.077924, 38.877255], [-120.077985, 38.877204], [-120.078056, 38.87716], [-120.078146, 38.877115], [-120.078202, 38.877076], [-120.078258, 38.877045], [-120.078333, 38.877022], [-120.078509, 38.87697], [-120.078575, 38.876924], [-120.078641, 38.876871], [-120.078759, 38.876787], [-120.078864, 38.8767], [-120.078942, 38.876622], [-120.079019, 38.876565], [-120.079087, 38.876526], [-120.079158, 38.876501], [-120.079257, 38.876505], [-120.079363, 38.876535], [-120.079429, 38.876585], [-120.079587, 38.8767], [-120.07974, 38.876812], [-120.079782, 38.876846], [-120.079846, 38.876891], [-120.079936, 38.876937], [-120.080067, 38.876982], [-120.080299, 38.877068], [-120.080455, 38.877116], [-120.080405, 38.877199], [-120.080368, 38.87729], [-120.08033, 38.877334], [-120.080258, 38.877389], [-120.080226, 38.877441], [-120.080223, 38.877495], [-120.080223, 38.877545], [-120.080266, 38.877608], [-120.080312, 38.877642], [-120.080258, 38.877679], [-120.080076, 38.877764], [-120.080027, 38.877792], [-120.079984, 38.877856], [-120.079917, 38.877915], [-120.079764, 38.878028], [-120.079638, 38.878094], [-120.079536, 38.878216], [-120.079602, 38.878223], [-120.079662, 38.878248], [-120.079735, 38.878274], [-120.079819, 38.878267], [-120.079923, 38.878274], [-120.080023, 38.878296], [-120.080082, 38.878329], [-120.080096, 38.878356], [-120.080128, 38.87838], [-120.080118, 38.878405], [-120.080154, 38.878465], [-120.080185, 38.878491], [-120.080242, 38.878486], [-120.080293, 38.878513], [-120.080337, 38.878543], [-120.080391, 38.878628], [-120.080472, 38.878664], [-120.080525, 38.878649], [-120.080563, 38.878616], [-120.080598, 38.878568], [-120.08063, 38.878588], [-120.080729, 38.878639], [-120.080742, 38.878638], [-120.080822, 38.878604], [-120.080892, 38.878588], [-120.080957, 38.878554], [-120.081007, 38.87854], [-120.081087, 38.8786], [-120.081157, 38.878609], [-120.081244, 38.878643], [-120.081301, 38.878647], [-120.081556, 38.878576], [-120.081614, 38.878544], [-120.081686, 38.878514], [-120.081745, 38.87851], [-120.081786, 38.878548], [-120.081885, 38.878532], [-120.082005, 38.878518], [-120.08212, 38.878522], [-120.082192, 38.878536], [-120.08237, 38.878618], [-120.082524, 38.878701], [-120.08262, 38.87873], [-120.08267, 38.878749], [-120.08272, 38.878801], [-120.082792, 38.87883], [-120.08284, 38.878867], [-120.082878, 38.878886], [-120.082941, 38.878902], [-120.082977, 38.878932], [-120.08302, 38.878934], [-120.083092, 38.878948], [-120.083157, 38.878949], [-120.083232, 38.87894], [-120.083312, 38.878945], [-120.083338, 38.878929], [-120.083428, 38.878923], [-120.083519, 38.878876], [-120.083701, 38.878858], [-120.083745, 38.878842], [-120.083783, 38.878822], [-120.083829, 38.878822], [-120.08386, 38.878842], [-120.083889, 38.878875], [-120.083906, 38.87892], [-120.083939, 38.878956], [-120.083989, 38.878983], [-120.084035, 38.879035], [-120.08411, 38.879137], [-120.084104, 38.879184], [-120.084135, 38.879222], [-120.084135, 38.87928], [-120.084162, 38.879314], [-120.084225, 38.879329], [-120.08429, 38.879359], [-120.084308, 38.879402], [-120.084288, 38.879426], [-120.084334, 38.879454], [-120.084434, 38.879465], [-120.084553, 38.879444], [-120.084601, 38.879488], [-120.084699, 38.879532], [-120.084786, 38.879559], [-120.084913, 38.879545], [-120.085007, 38.879555], [-120.085127, 38.879575], [-120.085289, 38.879626], [-120.085378, 38.879636], [-120.085467, 38.879632], [-120.085528, 38.879634], [-120.085649, 38.87967], [-120.085662, 38.879703], [-120.085663, 38.87973], [-120.085686, 38.879754], [-120.085742, 38.879762], [-120.085805, 38.879763], [-120.085865, 38.879807], [-120.085902, 38.879844], [-120.085924, 38.879882], [-120.085981, 38.879947], [-120.086044, 38.880013], [-120.086088, 38.880054], [-120.086086, 38.880074], [-120.086026, 38.880095], [-120.085985, 38.88012], [-120.085938, 38.880135], [-120.085906, 38.880149], [-120.085892, 38.880189], [-120.085888, 38.880223], [-120.085846, 38.880245], [-120.085811, 38.880269], [-120.085775, 38.880278], [-120.085762, 38.880291], [-120.085771, 38.880304], [-120.085828, 38.880315], [-120.085876, 38.880339], [-120.085905, 38.880377], [-120.085933, 38.880405], [-120.085869, 38.880434], [-120.085776, 38.880465], [-120.085719, 38.8805], [-120.085676, 38.880539], [-120.085661, 38.880581], [-120.085675, 38.880612], [-120.085739, 38.880624], [-120.085809, 38.880603], [-120.085876, 38.880608], [-120.085911, 38.880633], [-120.085908, 38.880662], [-120.085861, 38.880692], [-120.085858, 38.880733], [-120.085881, 38.880772], [-120.085925, 38.880818], [-120.086095, 38.88095], [-120.086176, 38.880987], [-120.086314, 38.881033], [-120.086388, 38.881076], [-120.086399, 38.881089], [-120.086384, 38.881098], [-120.086348, 38.881108], [-120.086261, 38.881114], [-120.086152, 38.881102], [-120.086128, 38.881112], [-120.086122, 38.881127], [-120.086129, 38.881143], [-120.086188, 38.881186], [-120.086241, 38.881232], [-120.086351, 38.881299], [-120.086435, 38.881373], [-120.086512, 38.881451], [-120.086595, 38.881518], [-120.086738, 38.881578], [-120.087326, 38.881738], [-120.08746, 38.88176], [-120.087589, 38.881811], [-120.087905, 38.881901], [-120.088032, 38.881949], [-120.088173, 38.881979], [-120.088512, 38.882098], [-120.088678, 38.882142], [-120.088762, 38.882142], [-120.089031, 38.882213], [-120.089137, 38.882219], [-120.089271, 38.882271], [-120.089383, 38.882307], [-120.089507, 38.882309], [-120.089621, 38.882322], [-120.089709, 38.882314], [-120.089909, 38.882395], [-120.089962, 38.882397], [-120.09005, 38.882386], [-120.090136, 38.882404], [-120.090252, 38.882407], [-120.090322, 38.882424], [-120.090495, 38.882483], [-120.090552, 38.882487], [-120.090612, 38.882499], [-120.090685, 38.882522], [-120.090721, 38.882519], [-120.090773, 38.882508], [-120.090842, 38.88252], [-120.090932, 38.882545], [-120.091016, 38.882558], [-120.091051, 38.88255], [-120.091124, 38.882544], [-120.091158, 38.882562], [-120.091187, 38.882594], [-120.091314, 38.882587], [-120.09141, 38.882621], [-120.091515, 38.882635], [-120.091565, 38.882656], [-120.091681, 38.882668], [-120.091773, 38.882701], [-120.091914, 38.882727], [-120.091999, 38.882715], [-120.092093, 38.882727], [-120.092202, 38.882717], [-120.09231, 38.882738], [-120.092606, 38.882759], [-120.09272, 38.882744], [-120.09279, 38.882777], [-120.092843, 38.882797], [-120.092849, 38.882825], [-120.092769, 38.882873], [-120.0927, 38.882925], [-120.092693, 38.882944], [-120.092739, 38.882941], [-120.092779, 38.882945], [-120.09282, 38.882993], [-120.09289, 38.883021], [-120.092983, 38.883024], [-120.093052, 38.883012], [-120.093124, 38.883021], [-120.093188, 38.883034], [-120.093268, 38.883019], [-120.093371, 38.882952], [-120.093466, 38.882958], [-120.093547, 38.882974], [-120.09361, 38.882973], [-120.093752, 38.882999], [-120.093816, 38.883028], [-120.0939, 38.883058], [-120.093939, 38.883038], [-120.094106, 38.883079], [-120.094195, 38.883093], [-120.09429, 38.883094], [-120.094374, 38.883103], [-120.094436, 38.883114], [-120.094516, 38.883178], [-120.094555, 38.883198], [-120.094729, 38.883226], [-120.094818, 38.883233], [-120.094914, 38.88326], [-120.094992, 38.883269], [-120.095088, 38.883267], [-120.095117, 38.883259], [-120.095137, 38.883267], [-120.095211, 38.883281], [-120.095244, 38.883285], [-120.095273, 38.88328], [-120.095331, 38.883292], [-120.095384, 38.883292], [-120.09549, 38.883322], [-120.095514, 38.883319], [-120.09564, 38.883339], [-120.095677, 38.883332], [-120.095724, 38.88335], [-120.095813, 38.883366], [-120.095889, 38.883399], [-120.095974, 38.883407], [-120.096032, 38.883435], [-120.096071, 38.883436], [-120.096121, 38.883448], [-120.096173, 38.883497], [-120.096274, 38.883552], [-120.096363, 38.883571], [-120.096438, 38.883545], [-120.096493, 38.883521], [-120.096581, 38.883463], [-120.096648, 38.883458], [-120.096735, 38.883444], [-120.096785, 38.883443], [-120.09684, 38.883455], [-120.096887, 38.88346], [-120.096953, 38.883442], [-120.097027, 38.883452], [-120.097087, 38.883473], [-120.097153, 38.883467], [-120.097261, 38.883466], [-120.097332, 38.883457], [-120.097408, 38.883479], [-120.097459, 38.883502], [-120.097604, 38.883552], [-120.097667, 38.88357], [-120.097761, 38.883583], [-120.097829, 38.883601], [-120.097897, 38.883596], [-120.097942, 38.883605], [-120.097985, 38.883634], [-120.09803, 38.883645], [-120.098062, 38.883646], [-120.098103, 38.883663], [-120.098123, 38.883655], [-120.098144, 38.883663], [-120.09825, 38.883674], [-120.098414, 38.883701], [-120.098695, 38.883704], [-120.098812, 38.883747], [-120.099009, 38.883787], [-120.099125, 38.883844], [-120.099178, 38.883885], [-120.099184, 38.883908], [-120.099104, 38.88396], [-120.099105, 38.884005], [-120.099171, 38.884036], [-120.099184, 38.884083], [-120.099168, 38.884132], [-120.099222, 38.884196], [-120.099267, 38.884279], [-120.099168, 38.88437], [-120.099176, 38.884412], [-120.099216, 38.884443], [-120.099292, 38.88446], [-120.099343, 38.884479], [-120.099422, 38.88453], [-120.099437, 38.884596], [-120.099561, 38.884661], [-120.099629, 38.884756], [-120.099673, 38.884901], [-120.099745, 38.885033], [-120.099873, 38.885129], [-120.099939, 38.88525], [-120.099976, 38.885255], [-120.100093, 38.885246], [-120.100243, 38.885216], [-120.100291, 38.885216], [-120.100345, 38.885225], [-120.100388, 38.88525], [-120.100452, 38.885304], [-120.100479, 38.885333], [-120.100597, 38.885513], [-120.100656, 38.885571], [-120.100678, 38.885605], [-120.100935, 38.885868], [-120.100989, 38.88593], [-120.101058, 38.886035], [-120.101198, 38.886218], [-120.1013, 38.886365], [-120.101332, 38.886394], [-120.101477, 38.886578], [-120.101547, 38.88664], [-120.101579, 38.886678], [-120.101686, 38.886778], [-120.101724, 38.886803], [-120.101826, 38.886899], [-120.101724, 38.886803], [-120.101686, 38.886778], [-120.101579, 38.886678], [-120.101547, 38.88664], [-120.101477, 38.886578], [-120.101332, 38.886394], [-120.1013, 38.886365], [-120.101198, 38.886218], [-120.101058, 38.886035], [-120.100989, 38.88593], [-120.100935, 38.885868], [-120.100678, 38.885605], [-120.100656, 38.885571], [-120.100597, 38.885513], [-120.100479, 38.885333], [-120.100452, 38.885304], [-120.100388, 38.88525], [-120.100345, 38.885225], [-120.100291, 38.885216], [-120.100243, 38.885216], [-120.100093, 38.885246], [-120.099976, 38.885255], [-120.099939, 38.88525], [-120.099823, 38.885421], [-120.099699, 38.885486], [-120.099624, 38.885557], [-120.099599, 38.885596], [-120.099521, 38.885631], [-120.099319, 38.885795], [-120.09924, 38.885887], [-120.099227, 38.885933], [-120.099209, 38.885956], [-120.099189, 38.885968], [-120.099162, 38.886027], [-120.099121, 38.886059], [-120.099066, 38.886123], [-120.099062, 38.886147], [-120.099027, 38.886225], [-120.098997, 38.88624], [-120.098971, 38.886275], [-120.098964, 38.886316], [-120.098942, 38.88635], [-120.098941, 38.886397], [-120.098948, 38.886442], [-120.09891, 38.886487], [-120.098912, 38.886511], [-120.098906, 38.886528], [-120.098892, 38.886543], [-120.098862, 38.886547], [-120.098835, 38.886562], [-120.09881, 38.886607], [-120.098763, 38.886625], [-120.098723, 38.886633], [-120.098706, 38.88668], [-120.098662, 38.886714], [-120.098647, 38.886733], [-120.098644, 38.886801], [-120.098622, 38.886852], [-120.09859, 38.886869], [-120.09857, 38.886901], [-120.098518, 38.886964], [-120.098514, 38.886989], [-120.098495, 38.886994], [-120.098417, 38.886996], [-120.098394, 38.88701], [-120.098346, 38.887029], [-120.098316, 38.887045], [-120.09831, 38.887067], [-120.098252, 38.887104], [-120.098231, 38.887127], [-120.098228, 38.887178], [-120.098206, 38.887207], [-120.098173, 38.887226], [-120.098127, 38.887231], [-120.098119, 38.887254], [-120.098055, 38.887278], [-120.098024, 38.887305], [-120.097991, 38.887312], [-120.09794, 38.887341], [-120.097808, 38.887348], [-120.097666, 38.887481], [-120.097603, 38.887516], [-120.09755, 38.887561], [-120.09752, 38.887617], [-120.097511, 38.887648], [-120.097523, 38.887678], [-120.097525, 38.887701], [-120.0975, 38.887718], [-120.097373, 38.887757], [-120.097343, 38.887779], [-120.097327, 38.887813], [-120.097317, 38.887872], [-120.097289, 38.887931], [-120.097285, 38.88802], [-120.097274, 38.888041], [-120.097216, 38.888072], [-120.097184, 38.888098], [-120.097158, 38.888178], [-120.097122, 38.888221], [-120.097102, 38.888256], [-120.097076, 38.888285], [-120.097041, 38.888298], [-120.097012, 38.888325], [-120.096932, 38.888354], [-120.09691, 38.888371], [-120.096875, 38.888386], [-120.09686, 38.888409], [-120.096814, 38.888433], [-120.096794, 38.888452], [-120.096744, 38.888524], [-120.096668, 38.888583], [-120.096589, 38.888665], [-120.096557, 38.888681], [-120.096443, 38.888751], [-120.096371, 38.888789], [-120.096361, 38.888807], [-120.096255, 38.888883], [-120.09619, 38.888938], [-120.09613, 38.889002], [-120.096092, 38.889013], [-120.096064, 38.889031], [-120.095952, 38.889084], [-120.095911, 38.889095], [-120.095893, 38.889122], [-120.095884, 38.889146], [-120.095864, 38.88915], [-120.095855, 38.889181], [-120.095826, 38.889213], [-120.09574, 38.889238], [-120.095664, 38.889298], [-120.095553, 38.889359], [-120.095461, 38.889452], [-120.09542, 38.889546], [-120.095415, 38.889587], [-120.095379, 38.889636], [-120.095329, 38.889672], [-120.095306, 38.889704], [-120.095291, 38.889712], [-120.095268, 38.889765], [-120.095223, 38.889818], [-120.095162, 38.889851], [-120.0951, 38.889878], [-120.095073, 38.889899], [-120.095031, 38.889921], [-120.094994, 38.889972], [-120.094919, 38.890049], [-120.094897, 38.890082], [-120.094865, 38.890099], [-120.094841, 38.890161], [-120.094827, 38.890224], [-120.0948, 38.890249], [-120.094789, 38.890283], [-120.09477, 38.890308], [-120.094763, 38.890349], [-120.094785, 38.890414], [-120.094785, 38.890478], [-120.094809, 38.890576], [-120.094817, 38.890623], [-120.094836, 38.890683], [-120.094877, 38.890745], [-120.094877, 38.890823], [-120.094817, 38.890893], [-120.094815, 38.890962], [-120.094804, 38.891005], [-120.094804, 38.891106], [-120.094821, 38.891222], [-120.094813, 38.891319], [-120.094753, 38.89143], [-120.094753, 38.89152], [-120.094753, 38.89162], [-120.09468, 38.89173], [-120.094633, 38.891787], [-120.09462, 38.891867], [-120.094538, 38.891967], [-120.094517, 38.892091], [-120.094431, 38.892228], [-120.094354, 38.892301], [-120.094272, 38.892338], [-120.094306, 38.892422], [-120.094281, 38.892475], [-120.094148, 38.892545], [-120.09407, 38.892635], [-120.093964, 38.892731], [-120.094131, 38.892974], [-120.094196, 38.893036], [-120.094775, 38.893422], [-120.094863, 38.893531], [-120.094929, 38.893898], [-120.095002, 38.89398], [-120.095101, 38.89403], [-120.095231, 38.894125], [-120.095274, 38.894195], [-120.095333, 38.894359], [-120.095395, 38.894411], [-120.095654, 38.894587], [-120.095876, 38.894697], [-120.096257, 38.894844], [-120.096289, 38.894846], [-120.09632, 38.894864], [-120.096385, 38.894884], [-120.096379, 38.894913], [-120.096396, 38.894927], [-120.096391, 38.894959], [-120.096408, 38.894983], [-120.096396, 38.89505], [-120.096423, 38.895226], [-120.096499, 38.895448], [-120.096475, 38.895544], [-120.096506, 38.895595], [-120.09651, 38.895636], [-120.09648, 38.895681], [-120.096508, 38.895708], [-120.096537, 38.895748], [-120.096531, 38.895772], [-120.096507, 38.895792], [-120.09649, 38.895814], [-120.096489, 38.895836], [-120.096531, 38.895882], [-120.096548, 38.89598], [-120.096562, 38.896011], [-120.096668, 38.896117], [-120.096707, 38.896168], [-120.096676, 38.896247], [-120.096695, 38.896282], [-120.096985, 38.896475], [-120.097336, 38.897053], [-120.097352, 38.897222], [-120.097368, 38.897265], [-120.097411, 38.897293], [-120.097527, 38.897392], [-120.09769, 38.897687], [-120.09777, 38.898091], [-120.097817, 38.8982], [-120.098073, 38.898516], [-120.098495, 38.899218], [-120.098765, 38.899583], [-120.098745, 38.899622], [-120.098726, 38.899664], [-120.098687, 38.89971], [-120.098592, 38.8998], [-120.098503, 38.900008], [-120.09847, 38.900222], [-120.098466, 38.900278], [-120.098449, 38.900321], [-120.098439, 38.900375], [-120.098445, 38.900433], [-120.098386, 38.900752], [-120.098376, 38.900837], [-120.098401, 38.900888], [-120.098431, 38.900996], [-120.098484, 38.901063], [-120.098595, 38.90111], [-120.0987, 38.901184], [-120.098734, 38.901254], [-120.098734, 38.901305], [-120.098719, 38.901351], [-120.098551, 38.901468], [-120.098499, 38.90151], [-120.098438, 38.901533], [-120.09841, 38.901578], [-120.098351, 38.901729], [-120.098353, 38.901854], [-120.098406, 38.901955], [-120.098405, 38.902018], [-120.098394, 38.902057], [-120.098355, 38.902077], [-120.098338, 38.902114], [-120.098317, 38.902184], [-120.098315, 38.902261], [-120.098341, 38.902346], [-120.098303, 38.902476], [-120.098335, 38.902525], [-120.098367, 38.902594], [-120.098377, 38.902664], [-120.098351, 38.90273], [-120.098371, 38.902777], [-120.098355, 38.902819], [-120.098394, 38.902863], [-120.098399, 38.902935], [-120.098377, 38.903006], [-120.098307, 38.903066], [-120.098282, 38.903348], [-120.09826, 38.903406], [-120.098255, 38.903445], [-120.098259, 38.903466], [-120.09828, 38.903496], [-120.098302, 38.90352], [-120.098337, 38.903544], [-120.098381, 38.903619], [-120.098388, 38.903669], [-120.098353, 38.903757], [-120.098349, 38.90384], [-120.098407, 38.903938], [-120.098465, 38.904022], [-120.098509, 38.904077], [-120.098491, 38.904086], [-120.098491, 38.904302], [-120.098467, 38.904327], [-120.098471, 38.904335], [-120.098484, 38.904345], [-120.098483, 38.904361], [-120.098461, 38.904374], [-120.098454, 38.904433], [-120.098454, 38.904478], [-120.098469, 38.904503], [-120.098362, 38.904519], [-120.098314, 38.904533], [-120.098284, 38.904532], [-120.098198, 38.904584], [-120.098123, 38.904653], [-120.098123, 38.904706], [-120.098088, 38.904735], [-120.09808, 38.904832], [-120.098108, 38.904919], [-120.098129, 38.904959], [-120.098226, 38.905063], [-120.098589, 38.90538], [-120.09884, 38.905768], [-120.098931, 38.905983]]}}, {"type": "Feature", "properties": {"id": "angora-lakes", "name": "Angora Lakes Loop (Church & Lily Lake Trails)", "miles": 5.7, "color": "#911eb4", "difficulty": "Moderate", "desc": "Steep Church Trail from the Fire House to the Angora Lakes parking lot, on to the resort for fresh lemonade, then the Lily Lake Trail down the talus slopes (big Fallen Leaf Lake views) to Lily Lake and Glen Alpine Road back to camp."}, "geometry": {"type": "LineString", "coordinates": [[-120.072271, 38.883266], [-120.072273, 38.883173], [-120.072323, 38.882807], [-120.072339, 38.882613], [-120.072351, 38.882475], [-120.072299, 38.882322], [-120.072235, 38.88223], [-120.07213, 38.882154], [-120.071723, 38.882003], [-120.071494, 38.881854], [-120.071195, 38.881605], [-120.071021, 38.881403], [-120.071009, 38.881321], [-120.070997, 38.881137], [-120.07099, 38.88102], [-120.070977, 38.880967], [-120.070953, 38.880926], [-120.070908, 38.880866], [-120.070762, 38.880689], [-120.070693, 38.880602], [-120.070666, 38.88055], [-120.070645, 38.880489], [-120.070646, 38.880434], [-120.070664, 38.880378], [-120.070695, 38.880329], [-120.07078, 38.880253], [-120.070885, 38.88016], [-120.070931, 38.880107], [-120.070969, 38.880048], [-120.070997, 38.879967], [-120.07101, 38.879897], [-120.07101, 38.879827], [-120.070955, 38.879683], [-120.070927, 38.879649], [-120.07091, 38.879628], [-120.071004, 38.879624], [-120.070994, 38.879454], [-120.070986, 38.879341], [-120.071045, 38.879201], [-120.071066, 38.879122], [-120.071002, 38.879034], [-120.070924, 38.878971], [-120.070849, 38.878948], [-120.070798, 38.878923], [-120.070827, 38.878886], [-120.070859, 38.878871], [-120.070878, 38.878817], [-120.070924, 38.878792], [-120.070943, 38.878748], [-120.070902, 38.878698], [-120.070881, 38.878652], [-120.070945, 38.878644], [-120.071023, 38.878631], [-120.071093, 38.878577], [-120.071125, 38.878535], [-120.071173, 38.878497], [-120.071291, 38.878447], [-120.07134, 38.878397], [-120.071412, 38.878343], [-120.07145, 38.878282], [-120.07149, 38.87823], [-120.071466, 38.878176], [-120.071396, 38.878146], [-120.071273, 38.878117], [-120.071176, 38.878092], [-120.071128, 38.878088], [-120.071131, 38.878045], [-120.071176, 38.87803], [-120.071267, 38.878046], [-120.071356, 38.87803], [-120.071463, 38.877942], [-120.071568, 38.877865], [-120.071624, 38.877775], [-120.071699, 38.877737], [-120.071755, 38.877691], [-120.071761, 38.877656], [-120.071696, 38.877635], [-120.071589, 38.87761], [-120.071415, 38.87761], [-120.071321, 38.877597], [-120.071313, 38.877577], [-120.07134, 38.877539], [-120.071289, 38.877518], [-120.07115, 38.87751], [-120.071114, 38.877503], [-120.071138, 38.877468], [-120.071219, 38.877441], [-120.071259, 38.877397], [-120.071203, 38.877361], [-120.071085, 38.877355], [-120.070991, 38.877345], [-120.070873, 38.877295], [-120.070779, 38.877286], [-120.070725, 38.877245], [-120.070728, 38.877186], [-120.070731, 38.877098], [-120.07076, 38.877048], [-120.070725, 38.877009], [-120.070664, 38.876937], [-120.070629, 38.876869], [-120.070632, 38.876798], [-120.070658, 38.876756], [-120.070632, 38.876712], [-120.070548, 38.876691], [-120.070492, 38.876643], [-120.070463, 38.876581], [-120.070425, 38.876509], [-120.070369, 38.876451], [-120.070302, 38.876413], [-120.070232, 38.87638], [-120.070135, 38.876347], [-120.070079, 38.87632], [-120.070095, 38.876274], [-120.070138, 38.87624], [-120.070109, 38.876188], [-120.070044, 38.876146], [-120.070017, 38.876115], [-120.070052, 38.876069], [-120.070119, 38.876044], [-120.070154, 38.875967], [-120.070133, 38.875856], [-120.070001, 38.875797], [-120.069913, 38.875735], [-120.069926, 38.875666], [-120.069851, 38.875628], [-120.069765, 38.875645], [-120.069714, 38.875649], [-120.06966, 38.875607], [-120.069653, 38.87552], [-120.069593, 38.875428], [-120.069489, 38.875355], [-120.069331, 38.875254], [-120.069261, 38.875244], [-120.069199, 38.875257], [-120.069156, 38.875217], [-120.069052, 38.875171], [-120.06891, 38.875171], [-120.068808, 38.875142], [-120.068708, 38.875106], [-120.068641, 38.875079], [-120.068566, 38.875087], [-120.068494, 38.875069], [-120.068338, 38.875046], [-120.068212, 38.875019], [-120.068105, 38.875023], [-120.067989, 38.874987], [-120.067743, 38.874933], [-120.067566, 38.874933], [-120.067413, 38.874899], [-120.067362, 38.87487], [-120.067309, 38.874824], [-120.067249, 38.87481], [-120.06723, 38.874774], [-120.06726, 38.874695], [-120.067265, 38.874641], [-120.067287, 38.874559], [-120.067228, 38.874494], [-120.06719, 38.874426], [-120.067155, 38.874369], [-120.067061, 38.87434], [-120.066894, 38.874249], [-120.066729, 38.874221], [-120.066536, 38.874202], [-120.066321, 38.874219], [-120.066149, 38.874179], [-120.066091, 38.874167], [-120.066085, 38.874148], [-120.066163, 38.874108], [-120.066235, 38.874065], [-120.066284, 38.874029], [-120.066361, 38.873995], [-120.066439, 38.873949], [-120.06649, 38.87392], [-120.066506, 38.873888], [-120.066429, 38.87386], [-120.066335, 38.873853], [-120.066195, 38.873829], [-120.066101, 38.873826], [-120.066006, 38.873827], [-120.065822, 38.873797], [-120.065664, 38.873745], [-120.065526, 38.873672], [-120.065388, 38.87361], [-120.065181, 38.873565], [-120.065102, 38.873538], [-120.065055, 38.873482], [-120.065077, 38.873409], [-120.065018, 38.873371], [-120.064969, 38.873329], [-120.064951, 38.873221], [-120.064792, 38.873118], [-120.064705, 38.873018], [-120.064616, 38.872976], [-120.06457, 38.872907], [-120.064497, 38.872763], [-120.064352, 38.87263], [-120.064261, 38.87254], [-120.064216, 38.872331], [-120.064116, 38.872216], [-120.06395, 38.872106], [-120.063856, 38.872012], [-120.063636, 38.871797], [-120.063446, 38.871669], [-120.063371, 38.871636], [-120.063266, 38.871623], [-120.063264, 38.871535], [-120.063261, 38.87146], [-120.063253, 38.871362], [-120.063199, 38.871304], [-120.063153, 38.871262], [-120.063062, 38.871197], [-120.062861, 38.871043], [-120.062805, 38.870992], [-120.062805, 38.870959], [-120.062746, 38.870886], [-120.062732, 38.870838], [-120.062748, 38.870759], [-120.062781, 38.870679], [-120.062834, 38.870615], [-120.062917, 38.870552], [-120.062982, 38.870491], [-120.063011, 38.870418], [-120.06303, 38.870324], [-120.063035, 38.870205], [-120.063019, 38.870078], [-120.062984, 38.870011], [-120.06288, 38.869938], [-120.062826, 38.869902], [-120.062802, 38.869863], [-120.062789, 38.869806], [-120.062762, 38.86976], [-120.062676, 38.869696], [-120.06259, 38.869627], [-120.062566, 38.869566], [-120.062577, 38.869529], [-120.062606, 38.869497], [-120.062805, 38.869351], [-120.062861, 38.869297], [-120.062891, 38.869253], [-120.062891, 38.869194], [-120.062875, 38.86903], [-120.062861, 38.868975], [-120.062815, 38.868935], [-120.06273, 38.868904], [-120.062687, 38.868871], [-120.062673, 38.868839], [-120.062695, 38.868787], [-120.062735, 38.868733], [-120.062801, 38.868669], [-120.062836, 38.868659], [-120.062887, 38.86866], [-120.062954, 38.86868], [-120.063021, 38.868717], [-120.063078, 38.86873], [-120.063139, 38.86872], [-120.063337, 38.868701], [-120.063461, 38.868673], [-120.063541, 38.868638], [-120.063654, 38.868569], [-120.063737, 38.868521], [-120.063817, 38.868485], [-120.064061, 38.868389], [-120.06423, 38.868308], [-120.064472, 38.868183], [-120.064697, 38.868085], [-120.064858, 38.867986], [-120.064963, 38.867911], [-120.065005, 38.867855], [-120.065019, 38.867811], [-120.065035, 38.867744], [-120.065062, 38.867686], [-120.065102, 38.867629], [-120.065242, 38.867483], [-120.065376, 38.867328], [-120.065464, 38.86722], [-120.065574, 38.867105], [-120.065727, 38.866974], [-120.065824, 38.86685], [-120.065942, 38.866702], [-120.066009, 38.866604], [-120.066073, 38.86651], [-120.066183, 38.86641], [-120.066296, 38.866316], [-120.066433, 38.866209], [-120.066491, 38.866151], [-120.066534, 38.866073], [-120.066564, 38.865975], [-120.066572, 38.865848], [-120.066561, 38.865635], [-120.066569, 38.865568], [-120.066596, 38.865514], [-120.066642, 38.865466], [-120.066698, 38.865407], [-120.066725, 38.865347], [-120.066744, 38.865192], [-120.066746, 38.864964], [-120.066722, 38.864835], [-120.066701, 38.864722], [-120.066647, 38.864505], [-120.066633, 38.864435], [-120.066731, 38.864333], [-120.066726, 38.864247], [-120.066781, 38.864197], [-120.066823, 38.864136], [-120.066895, 38.864139], [-120.066946, 38.864145], [-120.066991, 38.864027], [-120.067158, 38.864022], [-120.0673, 38.864061], [-120.06738, 38.864066], [-120.067541, 38.86405], [-120.067743, 38.864011], [-120.067913, 38.863952], [-120.068071, 38.863895], [-120.068306, 38.863814], [-120.068726, 38.863652], [-120.068306, 38.863814], [-120.068071, 38.863895], [-120.067913, 38.863952], [-120.067743, 38.864011], [-120.067541, 38.86405], [-120.06738, 38.864066], [-120.0673, 38.864061], [-120.067158, 38.864022], [-120.066991, 38.864027], [-120.066946, 38.864145], [-120.066895, 38.864139], [-120.066823, 38.864136], [-120.066781, 38.864197], [-120.066726, 38.864247], [-120.066731, 38.864333], [-120.066633, 38.864435], [-120.066647, 38.864505], [-120.066701, 38.864722], [-120.066722, 38.864835], [-120.066746, 38.864964], [-120.066744, 38.865192], [-120.066725, 38.865347], [-120.066698, 38.865407], [-120.066642, 38.865466], [-120.066596, 38.865514], [-120.066569, 38.865568], [-120.066561, 38.865635], [-120.066572, 38.865848], [-120.066564, 38.865975], [-120.066534, 38.866073], [-120.066491, 38.866151], [-120.066433, 38.866209], [-120.066296, 38.866316], [-120.066183, 38.86641], [-120.066073, 38.86651], [-120.066009, 38.866604], [-120.065942, 38.866702], [-120.065824, 38.86685], [-120.065727, 38.866974], [-120.065574, 38.867105], [-120.065464, 38.86722], [-120.065376, 38.867328], [-120.065242, 38.867483], [-120.065102, 38.867629], [-120.065062, 38.867686], [-120.065035, 38.867744], [-120.065019, 38.867811], [-120.065005, 38.867855], [-120.064963, 38.867911], [-120.064858, 38.867986], [-120.064697, 38.868085], [-120.064472, 38.868183], [-120.06423, 38.868308], [-120.064061, 38.868389], [-120.063817, 38.868485], [-120.063737, 38.868521], [-120.063654, 38.868569], [-120.063541, 38.868638], [-120.063461, 38.868673], [-120.063337, 38.868701], [-120.063139, 38.86872], [-120.063078, 38.86873], [-120.063021, 38.868717], [-120.062954, 38.86868], [-120.062887, 38.86866], [-120.062836, 38.868659], [-120.062801, 38.868669], [-120.062735, 38.868733], [-120.062695, 38.868787], [-120.062673, 38.868839], [-120.062687, 38.868871], [-120.06273, 38.868904], [-120.062815, 38.868935], [-120.062861, 38.868975], [-120.062875, 38.86903], [-120.062891, 38.869194], [-120.062891, 38.869253], [-120.062861, 38.869297], [-120.062805, 38.869351], [-120.062606, 38.869497], [-120.062577, 38.869529], [-120.062566, 38.869566], [-120.06259, 38.869627], [-120.062676, 38.869696], [-120.062762, 38.86976], [-120.062789, 38.869806], [-120.062802, 38.869863], [-120.062826, 38.869902], [-120.06288, 38.869938], [-120.062984, 38.870011], [-120.063019, 38.870078], [-120.063035, 38.870205], [-120.06303, 38.870324], [-120.063011, 38.870418], [-120.062982, 38.870491], [-120.062917, 38.870552], [-120.062834, 38.870615], [-120.062781, 38.870679], [-120.062748, 38.870759], [-120.062732, 38.870838], [-120.062746, 38.870886], [-120.062805, 38.870959], [-120.062805, 38.870992], [-120.062861, 38.871043], [-120.063062, 38.871197], [-120.063153, 38.871262], [-120.063199, 38.871304], [-120.063253, 38.871362], [-120.063261, 38.87146], [-120.063264, 38.871535], [-120.063266, 38.871623], [-120.063371, 38.871636], [-120.063446, 38.871669], [-120.063636, 38.871797], [-120.063856, 38.872012], [-120.06395, 38.872106], [-120.064116, 38.872216], [-120.064216, 38.872331], [-120.064261, 38.87254], [-120.064352, 38.87263], [-120.064497, 38.872763], [-120.06457, 38.872907], [-120.064616, 38.872976], [-120.064705, 38.873018], [-120.064792, 38.873118], [-120.064951, 38.873221], [-120.064969, 38.873329], [-120.065018, 38.873371], [-120.065077, 38.873409], [-120.065164, 38.873402], [-120.065226, 38.873421], [-120.065301, 38.873446], [-120.065392, 38.873467], [-120.065489, 38.8735], [-120.065588, 38.873532], [-120.065677, 38.873559], [-120.065754, 38.873578], [-120.066135, 38.873592], [-120.06639, 38.873592], [-120.066479, 38.873605], [-120.066575, 38.873626], [-120.066675, 38.873632], [-120.066793, 38.873626], [-120.066919, 38.873628], [-120.067066, 38.873647], [-120.067184, 38.873665], [-120.067273, 38.873692], [-120.067383, 38.87374], [-120.067469, 38.873782], [-120.067621, 38.873821], [-120.067766, 38.873863], [-120.068024, 38.873913], [-120.068201, 38.873964], [-120.068321, 38.873987], [-120.068408, 38.874012], [-120.068485, 38.874013], [-120.068579, 38.874017], [-120.068662, 38.874008], [-120.068775, 38.873979], [-120.068844, 38.873958], [-120.068874, 38.873962], [-120.06894, 38.873972], [-120.068979, 38.873966], [-120.069044, 38.873953], [-120.06908, 38.873953], [-120.069123, 38.87396], [-120.06918, 38.873957], [-120.069201, 38.873968], [-120.06931, 38.873992], [-120.069381, 38.874016], [-120.069563, 38.874085], [-120.069586, 38.874113], [-120.069646, 38.874158], [-120.069695, 38.874217], [-120.069743, 38.874233], [-120.06985, 38.874283], [-120.070001, 38.874316], [-120.070127, 38.874344], [-120.07017, 38.874339], [-120.070206, 38.874346], [-120.070228, 38.87435], [-120.070257, 38.874346], [-120.070286, 38.874351], [-120.07031, 38.874377], [-120.070306, 38.874405], [-120.07032, 38.874422], [-120.070346, 38.874443], [-120.070357, 38.874479], [-120.070374, 38.874529], [-120.07037, 38.874562], [-120.07038, 38.874588], [-120.070422, 38.874595], [-120.070454, 38.874597], [-120.070499, 38.874578], [-120.070523, 38.874557], [-120.070608, 38.874538], [-120.070639, 38.874505], [-120.070679, 38.874511], [-120.07069, 38.874542], [-120.070634, 38.874582], [-120.070593, 38.874635], [-120.070599, 38.87467], [-120.070647, 38.87468], [-120.070709, 38.874668], [-120.070754, 38.874634], [-120.070797, 38.874592], [-120.07084, 38.874565], [-120.070867, 38.874553], [-120.070899, 38.874561], [-120.070926, 38.87458], [-120.070894, 38.874624], [-120.070852, 38.874673], [-120.070819, 38.87472], [-120.070746, 38.874764], [-120.070698, 38.874787], [-120.07066, 38.874824], [-120.070676, 38.874858], [-120.070719, 38.874883], [-120.070781, 38.874893], [-120.0708, 38.874873], [-120.070831, 38.874872], [-120.070853, 38.874862], [-120.070861, 38.874834], [-120.070879, 38.874823], [-120.070918, 38.874818], [-120.071001, 38.874799], [-120.07106, 38.874764], [-120.071115, 38.874747], [-120.071197, 38.874738], [-120.071269, 38.874737], [-120.071331, 38.874724], [-120.071382, 38.874701], [-120.071446, 38.874661], [-120.071548, 38.874611], [-120.071688, 38.874551], [-120.0718, 38.874509], [-120.071905, 38.874461], [-120.07202, 38.874448], [-120.072074, 38.874463], [-120.072146, 38.874474], [-120.07227, 38.874448], [-120.072468, 38.874411], [-120.072659, 38.874365], [-120.072809, 38.874336], [-120.072873, 38.874306], [-120.072908, 38.874279], [-120.07297, 38.87426], [-120.073021, 38.874273], [-120.073048, 38.874306], [-120.073072, 38.874327], [-120.073133, 38.874329], [-120.073208, 38.874292], [-120.073281, 38.874267], [-120.073342, 38.87424], [-120.073367, 38.874242], [-120.073391, 38.874231], [-120.073428, 38.874241], [-120.073439, 38.874275], [-120.073479, 38.874333], [-120.073468, 38.874362], [-120.073495, 38.874384], [-120.073523, 38.874381], [-120.07358, 38.874346], [-120.073622, 38.874317], [-120.073707, 38.87429], [-120.073771, 38.874253], [-120.073826, 38.87424], [-120.073909, 38.874173], [-120.073957, 38.87416], [-120.073986, 38.874133], [-120.074053, 38.874081], [-120.074102, 38.874043], [-120.074203, 38.873995], [-120.074332, 38.873953], [-120.074489, 38.873906], [-120.074557, 38.873908], [-120.074623, 38.873879], [-120.074687, 38.873869], [-120.074799, 38.873826], [-120.074919, 38.873761], [-120.074982, 38.873727], [-120.075121, 38.873686], [-120.075212, 38.873638], [-120.075274, 38.87359], [-120.075341, 38.873565], [-120.075376, 38.873567], [-120.075378, 38.873592], [-120.075341, 38.873632], [-120.07526, 38.873672], [-120.075158, 38.873736], [-120.075081, 38.873795], [-120.074938, 38.873931], [-120.074834, 38.87402], [-120.074746, 38.874102], [-120.0747, 38.874125], [-120.074668, 38.874129], [-120.074606, 38.874158], [-120.074574, 38.8742], [-120.074582, 38.874221], [-120.074638, 38.874229], [-120.074713, 38.874196], [-120.074837, 38.874142], [-120.075099, 38.874029], [-120.075276, 38.873956], [-120.075483, 38.873875], [-120.075591, 38.873808], [-120.075708, 38.873766], [-120.075783, 38.873729], [-120.075856, 38.873702], [-120.075909, 38.873708], [-120.075912, 38.873756], [-120.075858, 38.873793], [-120.075767, 38.873831], [-120.075695, 38.873892], [-120.075622, 38.873946], [-120.075489, 38.874037], [-120.075392, 38.874142], [-120.075303, 38.874251], [-120.07522, 38.874322], [-120.075107, 38.874405], [-120.07503, 38.874445], [-120.074944, 38.874489], [-120.074838, 38.874533], [-120.074775, 38.87456], [-120.074789, 38.87458], [-120.074826, 38.874585], [-120.074891, 38.874579], [-120.074964, 38.874563], [-120.075035, 38.874533], [-120.075107, 38.874496], [-120.075207, 38.874476], [-120.075335, 38.874424], [-120.075413, 38.874393], [-120.075512, 38.874318], [-120.075587, 38.874263], [-120.075689, 38.874198], [-120.075781, 38.874159], [-120.075902, 38.874129], [-120.076022, 38.874113], [-120.076129, 38.874067], [-120.07621, 38.874019], [-120.076272, 38.873942], [-120.076333, 38.873904], [-120.076381, 38.873904], [-120.076392, 38.87395], [-120.076344, 38.874002], [-120.076293, 38.87405], [-120.076293, 38.874113], [-120.076274, 38.874163], [-120.076221, 38.874188], [-120.076151, 38.874211], [-120.076076, 38.874228], [-120.076001, 38.874261], [-120.075923, 38.87432], [-120.07585, 38.874397], [-120.075773, 38.874491], [-120.075714, 38.874558], [-120.075612, 38.874648], [-120.07552, 38.874721], [-120.075351, 38.874796], [-120.075172, 38.874894], [-120.074997, 38.874984], [-120.074871, 38.875076], [-120.07467, 38.875163], [-120.07455, 38.875209], [-120.074448, 38.875261], [-120.07441, 38.875307], [-120.074429, 38.87533], [-120.074512, 38.87533], [-120.074601, 38.875297], [-120.074743, 38.875226], [-120.074895, 38.875172], [-120.074976, 38.875149], [-120.075043, 38.875136], [-120.075134, 38.875136], [-120.075258, 38.875136], [-120.075424, 38.875103], [-120.075601, 38.875055], [-120.075773, 38.874996], [-120.075845, 38.874963], [-120.07596, 38.874892], [-120.076097, 38.874821], [-120.076266, 38.874733], [-120.076623, 38.874574], [-120.076715, 38.874517], [-120.076799, 38.874479], [-120.076879, 38.87445], [-120.076967, 38.874427], [-120.077064, 38.874412], [-120.077161, 38.874392], [-120.077217, 38.874337], [-120.077303, 38.874272], [-120.077373, 38.874216], [-120.077402, 38.874175], [-120.077432, 38.874114], [-120.077454, 38.874038], [-120.077462, 38.874015], [-120.077521, 38.873966], [-120.077532, 38.873944], [-120.077598, 38.873918], [-120.077668, 38.873898], [-120.077741, 38.87387], [-120.077851, 38.873835], [-120.0779, 38.8738], [-120.077995, 38.873786], [-120.078067, 38.873766], [-120.078091, 38.873756], [-120.078127, 38.873723], [-120.078171, 38.873686], [-120.078262, 38.873668], [-120.078338, 38.873633], [-120.078377, 38.873616], [-120.078432, 38.873599], [-120.078511, 38.87359], [-120.078553, 38.87357], [-120.078592, 38.873542], [-120.078629, 38.873514], [-120.07868, 38.873484], [-120.07871, 38.873483], [-120.078728, 38.873493], [-120.078728, 38.873512], [-120.078703, 38.873537], [-120.078645, 38.873568], [-120.078602, 38.8736], [-120.078584, 38.873634], [-120.078577, 38.873658], [-120.078588, 38.873681], [-120.078616, 38.873691], [-120.078653, 38.873693], [-120.078691, 38.873692], [-120.078723, 38.87371], [-120.078727, 38.87374], [-120.078706, 38.87376], [-120.078679, 38.873775], [-120.078649, 38.873787], [-120.078633, 38.873809], [-120.078625, 38.873831], [-120.078628, 38.873872], [-120.078628, 38.873916], [-120.078613, 38.873959], [-120.07858, 38.874015], [-120.078539, 38.874064], [-120.078491, 38.874104], [-120.078444, 38.874143], [-120.078411, 38.874168], [-120.078399, 38.874193], [-120.078401, 38.874226], [-120.078425, 38.874258], [-120.078448, 38.874274], [-120.078456, 38.874291], [-120.078459, 38.874331], [-120.078443, 38.874371], [-120.078427, 38.874394], [-120.078417, 38.874422], [-120.078427, 38.874445], [-120.078456, 38.874452], [-120.078491, 38.874439], [-120.078529, 38.874429], [-120.078568, 38.874429], [-120.078578, 38.87446], [-120.07859, 38.8745], [-120.078615, 38.874534], [-120.078628, 38.874544], [-120.078643, 38.874577], [-120.078664, 38.874595], [-120.078656, 38.874632], [-120.078679, 38.874648], [-120.078695, 38.87467], [-120.078708, 38.874703], [-120.078711, 38.87473], [-120.078704, 38.874758], [-120.078676, 38.874781], [-120.078628, 38.874792], [-120.078584, 38.874794], [-120.078538, 38.874808], [-120.07851, 38.874837], [-120.078496, 38.874873], [-120.078503, 38.874914], [-120.078529, 38.874937], [-120.078568, 38.874945], [-120.078602, 38.874945], [-120.078639, 38.874957], [-120.078657, 38.874983], [-120.078655, 38.875006], [-120.078632, 38.87502], [-120.078597, 38.875038], [-120.078578, 38.875065], [-120.078575, 38.875089], [-120.078588, 38.875112], [-120.078616, 38.875139], [-120.078647, 38.875172], [-120.078651, 38.875195], [-120.078639, 38.875219], [-120.078596, 38.875246], [-120.07853, 38.87527], [-120.07847, 38.875282], [-120.078369, 38.875295], [-120.078319, 38.875298], [-120.07827, 38.875308], [-120.078228, 38.875319], [-120.078187, 38.87534], [-120.078161, 38.875365], [-120.078153, 38.875397], [-120.078158, 38.875438], [-120.078149, 38.875488], [-120.078122, 38.875529], [-120.078112, 38.875565], [-120.078113, 38.875607], [-120.078109, 38.875638], [-120.078082, 38.875693], [-120.078043, 38.875748], [-120.078007, 38.875797], [-120.077988, 38.875835], [-120.07798, 38.875876], [-120.077991, 38.875919], [-120.078012, 38.875944], [-120.078058, 38.87596], [-120.078117, 38.875957], [-120.078176, 38.875944], [-120.078246, 38.875939], [-120.078309, 38.875938], [-120.078341, 38.875937], [-120.078384, 38.87592], [-120.078421, 38.875901], [-120.078444, 38.87589], [-120.07847, 38.87588], [-120.078513, 38.875886], [-120.078551, 38.875908], [-120.078617, 38.875908], [-120.078656, 38.875897], [-120.078715, 38.875899], [-120.078758, 38.875885], [-120.078768, 38.875859], [-120.078802, 38.875843], [-120.078823, 38.875813], [-120.07887, 38.87579], [-120.0789, 38.875781], [-120.078937, 38.875787], [-120.078969, 38.875793], [-120.079025, 38.875796], [-120.079065, 38.875785], [-120.079107, 38.875755], [-120.079142, 38.875744], [-120.079179, 38.875745], [-120.079222, 38.87576], [-120.079238, 38.875785], [-120.079251, 38.875818], [-120.07926, 38.875855], [-120.079254, 38.875897], [-120.079249, 38.875926], [-120.079249, 38.875955], [-120.079262, 38.875988], [-120.07929, 38.876015], [-120.079332, 38.876049], [-120.079351, 38.876079], [-120.079355, 38.876107], [-120.079339, 38.876133], [-120.079316, 38.87614], [-120.079291, 38.876159], [-120.079262, 38.87617], [-120.079267, 38.87619], [-120.079282, 38.876198], [-120.079303, 38.876213], [-120.079332, 38.876224], [-120.079353, 38.876231], [-120.079375, 38.87623], [-120.079398, 38.876227], [-120.079419, 38.876227], [-120.079441, 38.87623], [-120.079431, 38.876245], [-120.079421, 38.876256], [-120.079404, 38.876273], [-120.079384, 38.876288], [-120.079357, 38.876309], [-120.079332, 38.876329], [-120.079328, 38.876361], [-120.079341, 38.876391], [-120.079363, 38.876398], [-120.079386, 38.876401], [-120.079441, 38.876386], [-120.079473, 38.876377], [-120.079506, 38.876374], [-120.079564, 38.876376], [-120.079582, 38.87637], [-120.079591, 38.876359], [-120.079599, 38.876333], [-120.079618, 38.876309], [-120.079655, 38.8763], [-120.079698, 38.87631], [-120.079711, 38.876336], [-120.079705, 38.876373], [-120.079675, 38.876413], [-120.079632, 38.876434], [-120.079549, 38.876471], [-120.079499, 38.876499], [-120.079453, 38.876513], [-120.079412, 38.876524], [-120.079363, 38.876535], [-120.079257, 38.876505], [-120.079158, 38.876501], [-120.079087, 38.876526], [-120.079019, 38.876565], [-120.078942, 38.876622], [-120.078864, 38.8767], [-120.078759, 38.876787], [-120.078641, 38.876871], [-120.078575, 38.876924], [-120.078509, 38.87697], [-120.078333, 38.877022], [-120.078258, 38.877045], [-120.078202, 38.877076], [-120.078146, 38.877115], [-120.078056, 38.87716], [-120.077985, 38.877204], [-120.077924, 38.877255], [-120.077892, 38.877308], [-120.077871, 38.877376], [-120.077841, 38.877422], [-120.077796, 38.877457], [-120.077702, 38.8775], [-120.077553, 38.877543], [-120.07732, 38.877615], [-120.077167, 38.877657], [-120.077027, 38.877689], [-120.076912, 38.877713], [-120.076819, 38.877739], [-120.076746, 38.877769], [-120.076598, 38.877831], [-120.076527, 38.877851], [-120.076418, 38.877866], [-120.076292, 38.877883], [-120.076206, 38.877902], [-120.076099, 38.877939], [-120.076017, 38.877974], [-120.075915, 38.878026], [-120.075749, 38.87813], [-120.075489, 38.878288], [-120.075355, 38.878378], [-120.075164, 38.878518], [-120.07505, 38.878615], [-120.074975, 38.878676], [-120.0749, 38.878712], [-120.074793, 38.878742], [-120.074631, 38.878795], [-120.074529, 38.87883], [-120.074432, 38.878866], [-120.074361, 38.878875], [-120.074286, 38.878864], [-120.074228, 38.878846], [-120.074179, 38.878804], [-120.074125, 38.878766], [-120.074042, 38.878728], [-120.07392, 38.878684], [-120.073823, 38.878667], [-120.073762, 38.878667], [-120.073665, 38.878682], [-120.073595, 38.878708], [-120.073555, 38.878748], [-120.073528, 38.878786], [-120.073508, 38.878835], [-120.073505, 38.878894], [-120.073514, 38.878954], [-120.073504, 38.879027], [-120.073477, 38.879095], [-120.07344, 38.879156], [-120.073276, 38.8794], [-120.073241, 38.87944], [-120.0732, 38.879457], [-120.073158, 38.879456], [-120.073119, 38.879441], [-120.073072, 38.879398], [-120.073013, 38.879341], [-120.072949, 38.879282], [-120.072883, 38.879239], [-120.072835, 38.879211], [-120.072772, 38.879217], [-120.072741, 38.879228], [-120.07271, 38.879257], [-120.072699, 38.879308], [-120.072677, 38.879456], [-120.072669, 38.879511], [-120.072644, 38.879542], [-120.072593, 38.879573], [-120.072501, 38.879625], [-120.072434, 38.87965], [-120.072374, 38.879663], [-120.072303, 38.879667], [-120.072209, 38.879659], [-120.072107, 38.879658], [-120.071991, 38.879658], [-120.071812, 38.879643], [-120.071632, 38.879632], [-120.071286, 38.879628], [-120.071004, 38.879624], [-120.07091, 38.879628], [-120.070927, 38.879649], [-120.070955, 38.879683], [-120.07101, 38.879827], [-120.07101, 38.879897], [-120.070997, 38.879967], [-120.070969, 38.880048], [-120.070931, 38.880107], [-120.070885, 38.88016], [-120.07078, 38.880253], [-120.070695, 38.880329], [-120.070664, 38.880378], [-120.070646, 38.880434], [-120.070645, 38.880489], [-120.070666, 38.88055], [-120.070693, 38.880602], [-120.070762, 38.880689], [-120.070908, 38.880866], [-120.070953, 38.880926], [-120.070977, 38.880967], [-120.07099, 38.88102], [-120.070997, 38.881137], [-120.071009, 38.881321], [-120.071021, 38.881403], [-120.071195, 38.881605], [-120.071494, 38.881854], [-120.071723, 38.882003], [-120.07213, 38.882154], [-120.072235, 38.88223], [-120.072299, 38.882322], [-120.072351, 38.882475], [-120.072339, 38.882613], [-120.072323, 38.882807], [-120.072273, 38.883173], [-120.072271, 38.883266]]}}, {"type": "Feature", "properties": {"id": "angora-out-back", "name": "Angora Lakes out & back (Church Trail)", "miles": 2.1, "color": "#e377c2", "difficulty": "Short & steep", "desc": "The direct option: Church Trail from the Fire House to the Angora Lakes parking lot and on to the resort for lemonade, then straight back down the way you came."}, "geometry": {"type": "LineString", "coordinates": [[-120.072271, 38.883266], [-120.072273, 38.883173], [-120.072323, 38.882807], [-120.072339, 38.882613], [-120.072351, 38.882475], [-120.072299, 38.882322], [-120.072235, 38.88223], [-120.07213, 38.882154], [-120.071723, 38.882003], [-120.071494, 38.881854], [-120.071195, 38.881605], [-120.071021, 38.881403], [-120.071009, 38.881321], [-120.070997, 38.881137], [-120.07099, 38.88102], [-120.070977, 38.880967], [-120.070953, 38.880926], [-120.070908, 38.880866], [-120.070762, 38.880689], [-120.070693, 38.880602], [-120.070666, 38.88055], [-120.070645, 38.880489], [-120.070646, 38.880434], [-120.070664, 38.880378], [-120.070695, 38.880329], [-120.07078, 38.880253], [-120.070885, 38.88016], [-120.070931, 38.880107], [-120.070969, 38.880048], [-120.070997, 38.879967], [-120.07101, 38.879897], [-120.07101, 38.879827], [-120.070955, 38.879683], [-120.070927, 38.879649], [-120.07091, 38.879628], [-120.071004, 38.879624], [-120.070994, 38.879454], [-120.070986, 38.879341], [-120.071045, 38.879201], [-120.071066, 38.879122], [-120.071002, 38.879034], [-120.070924, 38.878971], [-120.070849, 38.878948], [-120.070798, 38.878923], [-120.070827, 38.878886], [-120.070859, 38.878871], [-120.070878, 38.878817], [-120.070924, 38.878792], [-120.070943, 38.878748], [-120.070902, 38.878698], [-120.070881, 38.878652], [-120.070945, 38.878644], [-120.071023, 38.878631], [-120.071093, 38.878577], [-120.071125, 38.878535], [-120.071173, 38.878497], [-120.071291, 38.878447], [-120.07134, 38.878397], [-120.071412, 38.878343], [-120.07145, 38.878282], [-120.07149, 38.87823], [-120.071466, 38.878176], [-120.071396, 38.878146], [-120.071273, 38.878117], [-120.071176, 38.878092], [-120.071128, 38.878088], [-120.071131, 38.878045], [-120.071176, 38.87803], [-120.071267, 38.878046], [-120.071356, 38.87803], [-120.071463, 38.877942], [-120.071568, 38.877865], [-120.071624, 38.877775], [-120.071699, 38.877737], [-120.071755, 38.877691], [-120.071761, 38.877656], [-120.071696, 38.877635], [-120.071589, 38.87761], [-120.071415, 38.87761], [-120.071321, 38.877597], [-120.071313, 38.877577], [-120.07134, 38.877539], [-120.071289, 38.877518], [-120.07115, 38.87751], [-120.071114, 38.877503], [-120.071138, 38.877468], [-120.071219, 38.877441], [-120.071259, 38.877397], [-120.071203, 38.877361], [-120.071085, 38.877355], [-120.070991, 38.877345], [-120.070873, 38.877295], [-120.070779, 38.877286], [-120.070725, 38.877245], [-120.070728, 38.877186], [-120.070731, 38.877098], [-120.07076, 38.877048], [-120.070725, 38.877009], [-120.070664, 38.876937], [-120.070629, 38.876869], [-120.070632, 38.876798], [-120.070658, 38.876756], [-120.070632, 38.876712], [-120.070548, 38.876691], [-120.070492, 38.876643], [-120.070463, 38.876581], [-120.070425, 38.876509], [-120.070369, 38.876451], [-120.070302, 38.876413], [-120.070232, 38.87638], [-120.070135, 38.876347], [-120.070079, 38.87632], [-120.070095, 38.876274], [-120.070138, 38.87624], [-120.070109, 38.876188], [-120.070044, 38.876146], [-120.070017, 38.876115], [-120.070052, 38.876069], [-120.070119, 38.876044], [-120.070154, 38.875967], [-120.070133, 38.875856], [-120.070001, 38.875797], [-120.069913, 38.875735], [-120.069926, 38.875666], [-120.069851, 38.875628], [-120.069765, 38.875645], [-120.069714, 38.875649], [-120.06966, 38.875607], [-120.069653, 38.87552], [-120.069593, 38.875428], [-120.069489, 38.875355], [-120.069331, 38.875254], [-120.069261, 38.875244], [-120.069199, 38.875257], [-120.069156, 38.875217], [-120.069052, 38.875171], [-120.06891, 38.875171], [-120.068808, 38.875142], [-120.068708, 38.875106], [-120.068641, 38.875079], [-120.068566, 38.875087], [-120.068494, 38.875069], [-120.068338, 38.875046], [-120.068212, 38.875019], [-120.068105, 38.875023], [-120.067989, 38.874987], [-120.067743, 38.874933], [-120.067566, 38.874933], [-120.067413, 38.874899], [-120.067362, 38.87487], [-120.067309, 38.874824], [-120.067249, 38.87481], [-120.06723, 38.874774], [-120.06726, 38.874695], [-120.067265, 38.874641], [-120.067287, 38.874559], [-120.067228, 38.874494], [-120.06719, 38.874426], [-120.067155, 38.874369], [-120.067061, 38.87434], [-120.066894, 38.874249], [-120.066729, 38.874221], [-120.066536, 38.874202], [-120.066321, 38.874219], [-120.066149, 38.874179], [-120.066091, 38.874167], [-120.066085, 38.874148], [-120.066163, 38.874108], [-120.066235, 38.874065], [-120.066284, 38.874029], [-120.066361, 38.873995], [-120.066439, 38.873949], [-120.06649, 38.87392], [-120.066506, 38.873888], [-120.066429, 38.87386], [-120.066335, 38.873853], [-120.066195, 38.873829], [-120.066101, 38.873826], [-120.066006, 38.873827], [-120.065822, 38.873797], [-120.065664, 38.873745], [-120.065526, 38.873672], [-120.065388, 38.87361], [-120.065181, 38.873565], [-120.065102, 38.873538], [-120.065055, 38.873482], [-120.065077, 38.873409], [-120.065018, 38.873371], [-120.064969, 38.873329], [-120.064951, 38.873221], [-120.064792, 38.873118], [-120.064705, 38.873018], [-120.064616, 38.872976], [-120.06457, 38.872907], [-120.064497, 38.872763], [-120.064352, 38.87263], [-120.064261, 38.87254], [-120.064216, 38.872331], [-120.064116, 38.872216], [-120.06395, 38.872106], [-120.063856, 38.872012], [-120.063636, 38.871797], [-120.063446, 38.871669], [-120.063371, 38.871636], [-120.063266, 38.871623], [-120.063264, 38.871535], [-120.063261, 38.87146], [-120.063253, 38.871362], [-120.063199, 38.871304], [-120.063153, 38.871262], [-120.063062, 38.871197], [-120.062861, 38.871043], [-120.062805, 38.870992], [-120.062805, 38.870959], [-120.062746, 38.870886], [-120.062732, 38.870838], [-120.062748, 38.870759], [-120.062781, 38.870679], [-120.062834, 38.870615], [-120.062917, 38.870552], [-120.062982, 38.870491], [-120.063011, 38.870418], [-120.06303, 38.870324], [-120.063035, 38.870205], [-120.063019, 38.870078], [-120.062984, 38.870011], [-120.06288, 38.869938], [-120.062826, 38.869902], [-120.062802, 38.869863], [-120.062789, 38.869806], [-120.062762, 38.86976], [-120.062676, 38.869696], [-120.06259, 38.869627], [-120.062566, 38.869566], [-120.062577, 38.869529], [-120.062606, 38.869497], [-120.062805, 38.869351], [-120.062861, 38.869297], [-120.062891, 38.869253], [-120.062891, 38.869194], [-120.062875, 38.86903], [-120.062861, 38.868975], [-120.062815, 38.868935], [-120.06273, 38.868904], [-120.062687, 38.868871], [-120.062673, 38.868839], [-120.062695, 38.868787], [-120.062735, 38.868733], [-120.062801, 38.868669], [-120.062836, 38.868659], [-120.062887, 38.86866], [-120.062954, 38.86868], [-120.063021, 38.868717], [-120.063078, 38.86873], [-120.063139, 38.86872], [-120.063337, 38.868701], [-120.063461, 38.868673], [-120.063541, 38.868638], [-120.063654, 38.868569], [-120.063737, 38.868521], [-120.063817, 38.868485], [-120.064061, 38.868389], [-120.06423, 38.868308], [-120.064472, 38.868183], [-120.064697, 38.868085], [-120.064858, 38.867986], [-120.064963, 38.867911], [-120.065005, 38.867855], [-120.065019, 38.867811], [-120.065035, 38.867744], [-120.065062, 38.867686], [-120.065102, 38.867629], [-120.065242, 38.867483], [-120.065376, 38.867328], [-120.065464, 38.86722], [-120.065574, 38.867105], [-120.065727, 38.866974], [-120.065824, 38.86685], [-120.065942, 38.866702], [-120.066009, 38.866604], [-120.066073, 38.86651], [-120.066183, 38.86641], [-120.066296, 38.866316], [-120.066433, 38.866209], [-120.066491, 38.866151], [-120.066534, 38.866073], [-120.066564, 38.865975], [-120.066572, 38.865848], [-120.066561, 38.865635], [-120.066569, 38.865568], [-120.066596, 38.865514], [-120.066642, 38.865466], [-120.066698, 38.865407], [-120.066725, 38.865347], [-120.066744, 38.865192], [-120.066746, 38.864964], [-120.066722, 38.864835], [-120.066701, 38.864722], [-120.066647, 38.864505], [-120.066633, 38.864435], [-120.066731, 38.864333], [-120.066726, 38.864247], [-120.066781, 38.864197], [-120.066823, 38.864136], [-120.066895, 38.864139], [-120.066946, 38.864145], [-120.066991, 38.864027], [-120.067158, 38.864022], [-120.0673, 38.864061], [-120.06738, 38.864066], [-120.067541, 38.86405], [-120.067743, 38.864011], [-120.067913, 38.863952], [-120.068071, 38.863895], [-120.068306, 38.863814], [-120.068726, 38.863652]]}}, {"type": "Feature", "properties": {"id": "mt-tallac", "name": "Mt. Tallac via Cathedral Lake", "miles": 3.7, "color": "#008080", "difficulty": "Very strenuous", "desc": "Scales the western shore of Fallen Leaf Lake past Floating Island Lake and Cathedral Lake to the 9,735 ft summit of Mt. Tallac."}, "geometry": {"type": "LineString", "coordinates": [[-120.072271, 38.883266], [-120.07232, 38.883426], [-120.072389, 38.88351], [-120.072474, 38.883626], [-120.072498, 38.883667], [-120.072767, 38.883906], [-120.072899, 38.884081], [-120.073039, 38.884261], [-120.073233, 38.884422], [-120.07317, 38.884533], [-120.073226, 38.884863], [-120.073396, 38.88505], [-120.073511, 38.885228], [-120.07361, 38.885657], [-120.073688, 38.885787], [-120.073932, 38.886025], [-120.074102, 38.886262], [-120.074125, 38.88651], [-120.074135, 38.886538], [-120.074188, 38.886671], [-120.074264, 38.886797], [-120.074401, 38.886958], [-120.074454, 38.887011], [-120.074483, 38.887084], [-120.074482, 38.887156], [-120.074434, 38.887348], [-120.074439, 38.887415], [-120.074563, 38.887709], [-120.074558, 38.887899], [-120.074626, 38.888066], [-120.074669, 38.888701], [-120.074755, 38.888812], [-120.074771, 38.88886], [-120.07475, 38.889044], [-120.074722, 38.88911], [-120.07455, 38.889326], [-120.074491, 38.88944], [-120.074481, 38.889514], [-120.074534, 38.889636], [-120.07454, 38.889704], [-120.074462, 38.889853], [-120.074459, 38.88999], [-120.074412, 38.890097], [-120.074331, 38.890193], [-120.07421, 38.890412], [-120.07398, 38.89097], [-120.073954, 38.891011], [-120.073944, 38.891023], [-120.073947, 38.891127], [-120.073928, 38.891213], [-120.073892, 38.891501], [-120.073955, 38.891895], [-120.074016, 38.891996], [-120.074133, 38.892148], [-120.074202, 38.892334], [-120.07421, 38.892621], [-120.074228, 38.893013], [-120.074214, 38.893277], [-120.074096, 38.893826], [-120.074088, 38.893943], [-120.074092, 38.894014], [-120.074125, 38.894102], [-120.074236, 38.894177], [-120.074292, 38.89422], [-120.074348, 38.89427], [-120.074426, 38.894627], [-120.074499, 38.89483], [-120.074566, 38.89521], [-120.07465, 38.895554], [-120.074708, 38.895767], [-120.074734, 38.895993], [-120.074734, 38.896163], [-120.074709, 38.89633], [-120.074731, 38.896584], [-120.074722, 38.897032], [-120.07476, 38.897407], [-120.074742, 38.897614], [-120.074743, 38.89769], [-120.074873, 38.897861], [-120.075023, 38.897935], [-120.075127, 38.89797], [-120.075177, 38.897896], [-120.075203, 38.897886], [-120.075344, 38.897983], [-120.075413, 38.897983], [-120.075475, 38.89798], [-120.075521, 38.89795], [-120.07556, 38.89784], [-120.07557, 38.897795], [-120.075595, 38.897773], [-120.075635, 38.897779], [-120.075682, 38.89782], [-120.075795, 38.897881], [-120.075842, 38.897862], [-120.075879, 38.897802], [-120.076, 38.897863], [-120.076048, 38.89787], [-120.076076, 38.897839], [-120.076124, 38.89782], [-120.076294, 38.897821], [-120.076874, 38.897908], [-120.077343, 38.897957], [-120.077503, 38.897981], [-120.077601, 38.897988], [-120.077636, 38.898013], [-120.077687, 38.898029], [-120.077734, 38.898053], [-120.077817, 38.898106], [-120.07788, 38.898105], [-120.077977, 38.898131], [-120.078047, 38.898127], [-120.078123, 38.898108], [-120.078262, 38.898033], [-120.078418, 38.898005], [-120.078519, 38.898013], [-120.078549, 38.897997], [-120.078551, 38.897933], [-120.078601, 38.89786], [-120.078763, 38.897681], [-120.078793, 38.897571], [-120.078865, 38.897541], [-120.079187, 38.897392], [-120.079416, 38.897233], [-120.079537, 38.897101], [-120.079656, 38.897069], [-120.07972, 38.897024], [-120.079767, 38.896958], [-120.079771, 38.896867], [-120.079793, 38.896771], [-120.079862, 38.896733], [-120.079971, 38.896699], [-120.080388, 38.896538], [-120.080671, 38.896453], [-120.080797, 38.896392], [-120.080879, 38.896333], [-120.081061, 38.896263], [-120.081164, 38.896254], [-120.081368, 38.89618], [-120.081584, 38.896101], [-120.081649, 38.895856], [-120.081754, 38.895576], [-120.081755, 38.895192], [-120.081794, 38.894863], [-120.081829, 38.894772], [-120.081975, 38.89451], [-120.082053, 38.894479], [-120.082103, 38.894414], [-120.082161, 38.894393], [-120.082239, 38.894349], [-120.082345, 38.894311], [-120.082384, 38.89426], [-120.082456, 38.894216], [-120.082537, 38.894176], [-120.082587, 38.89418], [-120.082677, 38.894277], [-120.082719, 38.894292], [-120.082769, 38.89429], [-120.082829, 38.894249], [-120.082986, 38.894192], [-120.083095, 38.894187], [-120.08319, 38.894202], [-120.083308, 38.894245], [-120.083427, 38.89432], [-120.083459, 38.89427], [-120.083441, 38.894052], [-120.083457, 38.893977], [-120.083495, 38.893938], [-120.083569, 38.8939], [-120.08394, 38.893781], [-120.08398, 38.893789], [-120.084004, 38.893789], [-120.084046, 38.893839], [-120.084067, 38.893915], [-120.084067, 38.893957], [-120.084098, 38.893983], [-120.08414, 38.893977], [-120.084164, 38.893914], [-120.084275, 38.893767], [-120.084262, 38.893692], [-120.084358, 38.893693], [-120.084446, 38.893676], [-120.084566, 38.893848], [-120.084634, 38.893781], [-120.084735, 38.893734], [-120.085033, 38.893653], [-120.085253, 38.893562], [-120.085341, 38.893548], [-120.085461, 38.89356], [-120.085548, 38.893612], [-120.085719, 38.89379], [-120.085957, 38.893952], [-120.086152, 38.894036], [-120.086456, 38.89429], [-120.086554, 38.89442], [-120.086578, 38.894496], [-120.0866, 38.89451], [-120.086626, 38.894506], [-120.086687, 38.894453], [-120.086729, 38.894437], [-120.086752, 38.89446], [-120.086831, 38.894405], [-120.086899, 38.894344], [-120.08697, 38.894309], [-120.087082, 38.894446], [-120.087113, 38.894474], [-120.087153, 38.894466], [-120.087247, 38.894438], [-120.08779, 38.894241], [-120.087988, 38.894196], [-120.088584, 38.894114], [-120.088711, 38.894045], [-120.088835, 38.89394], [-120.089047, 38.893805], [-120.089205, 38.893756], [-120.08928, 38.893809], [-120.089364, 38.893879], [-120.089449, 38.893976], [-120.089538, 38.894082], [-120.089637, 38.894218], [-120.089662, 38.894304], [-120.089623, 38.894391], [-120.089583, 38.894504], [-120.089546, 38.894573], [-120.089511, 38.8946], [-120.089438, 38.894614], [-120.089409, 38.894641], [-120.089379, 38.894683], [-120.089353, 38.894729], [-120.08932, 38.894769], [-120.089299, 38.8948], [-120.089331, 38.894823], [-120.08942, 38.894813], [-120.089508, 38.894825], [-120.089634, 38.894861], [-120.089736, 38.894871], [-120.089851, 38.894859], [-120.090023, 38.894863], [-120.090203, 38.894823], [-120.090326, 38.894765], [-120.090439, 38.894708], [-120.090568, 38.894644], [-120.09067, 38.894627], [-120.090844, 38.8946], [-120.090932, 38.894579], [-120.090991, 38.894593], [-120.091002, 38.894627], [-120.090964, 38.894704], [-120.090846, 38.89489], [-120.090774, 38.895021], [-120.090728, 38.895176], [-120.090723, 38.895287], [-120.090793, 38.895491], [-120.090868, 38.895706], [-120.090935, 38.895827], [-120.090962, 38.895823], [-120.091083, 38.895593], [-120.091201, 38.895439], [-120.091321, 38.895293], [-120.091469, 38.895186], [-120.091584, 38.895126], [-120.09174, 38.895059], [-120.091842, 38.89498], [-120.091965, 38.894871], [-120.092139, 38.894727], [-120.092346, 38.894579], [-120.092568, 38.894404], [-120.092721, 38.894278], [-120.092786, 38.894176], [-120.092864, 38.894019], [-120.092921, 38.893869], [-120.093059, 38.894049], [-120.093191, 38.894164], [-120.09333, 38.894005], [-120.093409, 38.893694], [-120.093423, 38.893642], [-120.093451, 38.893609], [-120.093491, 38.893611], [-120.093777, 38.893841], [-120.09406, 38.894047], [-120.094223, 38.894146], [-120.094583, 38.894265], [-120.094943, 38.894322], [-120.095163, 38.894312], [-120.095333, 38.894359], [-120.095395, 38.894411], [-120.095654, 38.894587], [-120.095876, 38.894697], [-120.096257, 38.894844], [-120.096289, 38.894846], [-120.09632, 38.894864], [-120.096385, 38.894884], [-120.096379, 38.894913], [-120.096396, 38.894927], [-120.096391, 38.894959], [-120.096408, 38.894983], [-120.096396, 38.89505], [-120.096423, 38.895226], [-120.096499, 38.895448], [-120.096475, 38.895544], [-120.096506, 38.895595], [-120.09651, 38.895636], [-120.09648, 38.895681], [-120.096508, 38.895708], [-120.096537, 38.895748], [-120.096531, 38.895772], [-120.096507, 38.895792], [-120.09649, 38.895814], [-120.096489, 38.895836], [-120.096531, 38.895882], [-120.096548, 38.89598], [-120.096562, 38.896011], [-120.096668, 38.896117], [-120.096707, 38.896168], [-120.096676, 38.896247], [-120.096695, 38.896282], [-120.096985, 38.896475], [-120.097336, 38.897053], [-120.097352, 38.897222], [-120.097368, 38.897265], [-120.097411, 38.897293], [-120.097527, 38.897392], [-120.09769, 38.897687], [-120.09777, 38.898091], [-120.097817, 38.8982], [-120.098073, 38.898516], [-120.098495, 38.899218], [-120.098765, 38.899583], [-120.098745, 38.899622], [-120.098726, 38.899664], [-120.098687, 38.89971], [-120.098592, 38.8998], [-120.098503, 38.900008], [-120.09847, 38.900222], [-120.098466, 38.900278], [-120.098449, 38.900321], [-120.098439, 38.900375], [-120.098445, 38.900433], [-120.098386, 38.900752], [-120.098376, 38.900837], [-120.098401, 38.900888], [-120.098431, 38.900996], [-120.098484, 38.901063], [-120.098595, 38.90111], [-120.0987, 38.901184], [-120.098734, 38.901254], [-120.098734, 38.901305], [-120.098719, 38.901351], [-120.098551, 38.901468], [-120.098499, 38.90151], [-120.098438, 38.901533], [-120.09841, 38.901578], [-120.098351, 38.901729], [-120.098353, 38.901854], [-120.098406, 38.901955], [-120.098405, 38.902018], [-120.098394, 38.902057], [-120.098355, 38.902077], [-120.098338, 38.902114], [-120.098317, 38.902184], [-120.098315, 38.902261], [-120.098341, 38.902346], [-120.098303, 38.902476], [-120.098335, 38.902525], [-120.098367, 38.902594], [-120.098377, 38.902664], [-120.098351, 38.90273], [-120.098371, 38.902777], [-120.098355, 38.902819], [-120.098394, 38.902863], [-120.098399, 38.902935], [-120.098377, 38.903006], [-120.098307, 38.903066], [-120.098282, 38.903348], [-120.09826, 38.903406], [-120.098255, 38.903445], [-120.098259, 38.903466], [-120.09828, 38.903496], [-120.098302, 38.90352], [-120.098337, 38.903544], [-120.098381, 38.903619], [-120.098388, 38.903669], [-120.098353, 38.903757], [-120.098349, 38.90384], [-120.098407, 38.903938], [-120.098465, 38.904022], [-120.098509, 38.904077], [-120.098491, 38.904086], [-120.098491, 38.904302], [-120.098467, 38.904327], [-120.098471, 38.904335], [-120.098484, 38.904345], [-120.098483, 38.904361], [-120.098461, 38.904374], [-120.098454, 38.904433], [-120.098454, 38.904478], [-120.098469, 38.904503], [-120.098362, 38.904519], [-120.098314, 38.904533], [-120.098284, 38.904532], [-120.098198, 38.904584], [-120.098123, 38.904653], [-120.098123, 38.904706], [-120.098088, 38.904735], [-120.09808, 38.904832], [-120.098108, 38.904919], [-120.098129, 38.904959], [-120.098226, 38.905063], [-120.098589, 38.90538], [-120.09884, 38.905768], [-120.098931, 38.905983]]}}]}